path,sha256,license,scope
checkpoint_comparison/check_and_summarize.py,4df89e71d25186fa799f99f72c87348415ac303895646b19d5151d49d1478d0e,MIT,Project-authored script; external dependencies excluded
checkpoint_comparison/draw_comparison.py,18e3e1a7ad51eace7966bd0ee123a87f4fdf698b746c1df868c0b43d5dc29b46,MIT,Project-authored script; external dependencies excluded
checkpoint_comparison/finalize_delivery.py,a9b89ed3ce7ca134b7a71fb18dfbb9e3b571c67ef6a3ee091f7597199a4cf09f,MIT,Project-authored script; external dependencies excluded
checkpoint_comparison/replay_weights.py,3a0d8a52112951c4b7dfa23ea30f543238332a2649b36911ecc7805f6ec135dd,MIT,Project-authored script; external dependencies excluded
checkpoint_comparison/run_checkpoint.py,2fc28b2a5ca42aa5135b8e11852156b3e8dee62fd9b920a3f0856895a431d58b,MIT,Project-authored script; external dependencies excluded
checkpoint_comparison/source_code/p3_dmpnn_original.py,f9d8627e590cbfbe72329585b0182cc3e79109d50e204bd3e506907dbf9b1a63,MIT,Project-authored script; external dependencies excluded
evidence/05_SCIENCE_EVIDENCE/compute/check_ridge_nn_equivalence.py,6015e51b7e9d5bef076e51cc91f0fda5abe66fce7ea6ab6917b199faeb06a550,MIT,Project-authored script; external dependencies excluded
evidence/05_SCIENCE_EVIDENCE/compute/compare_f1.py,2eccef308c73996a49518d880cc1aa7df9d655b95e592a1458e013f8cabd3e15,MIT,Project-authored script; external dependencies excluded
evidence/05_SCIENCE_EVIDENCE/compute/correct_phase3_summaries.py,a96e262f93738977e28e5cbad28a94a25230a2e9ec9062249ef02505104e4497,MIT,Project-authored script; external dependencies excluded
evidence/05_SCIENCE_EVIDENCE/compute/f2_training_bootstrap.py,f4425c9c152dc2afc03f31ace547aada9a0c24ec2ff4d8fc0c3f1cc9ee7efab7,MIT,Project-authored script; external dependencies excluded
evidence/05_SCIENCE_EVIDENCE/compute/f5_matched_controls.py,2eda825f6c39d3e44479ae489521f13f85061f7581bff232649f54d82b50565a,MIT,Project-authored script; external dependencies excluded
evidence/05_SCIENCE_EVIDENCE/compute/f8_weighting.py,50ca92aeed3f18d38a5e0373bf82b2067486bdba169781ae8f78535147f09518,MIT,Project-authored script; external dependencies excluded
evidence/05_SCIENCE_EVIDENCE/compute/make_phase3_si.py,9c4435957ff55269ae9ba92d2fc5d8bebfa09cda5ddccea8f60332baa919d8e1,MIT,Project-authored script; external dependencies excluded
evidence/05_SCIENCE_EVIDENCE/compute/make_round3_si_tables.py,95b995bd29f208f7fe43d64a2399e4227bf342e37d60d1e02fc81f174a856f81,MIT,Project-authored script; external dependencies excluded
evidence/05_SCIENCE_EVIDENCE/compute/p3_chembl.py,912485fe0a55c335c4894b70de636f4cf0841446d121f386fa7356e1053e1462,MIT,Project-authored script; external dependencies excluded
evidence/05_SCIENCE_EVIDENCE/compute/p3_common.py,fa80f845a4b1c54a0a6bfcd9ecb8222187fa73e8e9af9f8540baec0cb7afbbbc,MIT,Project-authored script; external dependencies excluded
evidence/05_SCIENCE_EVIDENCE/compute/p3_dmpnn.py,f9d8627e590cbfbe72329585b0182cc3e79109d50e204bd3e506907dbf9b1a63,MIT,Project-authored script; external dependencies excluded
evidence/05_SCIENCE_EVIDENCE/compute/p3_guard_exporter.py,d3e7101ef49910ca2441f232e664977fc9ef99feb27c5230206fcb2b7bbdef86,MIT,Project-authored script; external dependencies excluded
evidence/05_SCIENCE_EVIDENCE/compute/p3_panel.py,c9c75f7d0dd572dc7b7eb905841e74711f22de259917d40c386c06125b93aeeb,MIT,Project-authored script; external dependencies excluded
evidence/05_SCIENCE_EVIDENCE/compute/p3_release.py,d511743fae854fb2656b1b18ae5d4bdb8c6852c3740206b979cdaa7eecf1598d,MIT,Project-authored script; external dependencies excluded
evidence/05_SCIENCE_EVIDENCE/compute/p3_si_tables.py,255e3a74f2a0efe2f0b1dfb54ec772737fc865699667c3890fac7cf33a8ca76f,MIT,Project-authored script; external dependencies excluded
evidence/05_SCIENCE_EVIDENCE/compute/p3_summarize.py,36f52156c1d9ba1bb93c9f8303c33bd18e05ab64219a7c2bae2f813f8505024a,MIT,Project-authored script; external dependencies excluded
evidence/05_SCIENCE_EVIDENCE/compute/r2common.py,5df284b44238a71e96144a240e5e312fe1b1da1728763fb4b736e1d91d0ee20b,MIT,Project-authored script; external dependencies excluded
evidence/05_SCIENCE_EVIDENCE/round2/results/p3/hierarchical/hierarchical_reml.py,a7878701bd91ffdf788fdcf480e59695f99849fb54af0f9d1d965cdee3d20e09,MIT,Project-authored script; external dependencies excluded
forward_uncertainty/forward_uncertainty.py,fe1f8f77e2def0c2c02cc52ed3c582f59a10cec20a4e702384a4ea8f912c0c26,MIT,Project-authored script; external dependencies excluded
limited_grid/scripts/check_default_architecture.py,eee83a5b6042f12831fecb155b6cb969b3359b532ec330fceecf5c8409d14ec7,MIT,Project-authored script; external dependencies excluded
limited_grid/scripts/make_tuning_figure.py,94f8ee8e34a733f5d7a6925ef6c1dc2ba4bcef14a37904e4e610c7bd97b4e7f5,MIT,Project-authored script; external dependencies excluded
limited_grid/scripts/prepare_clean_tuning_replay.py,76ef768dd1d2a844c9187df47be129361cc3b01bb567d5b7915da242ba6e5276,MIT,Project-authored script; external dependencies excluded
limited_grid/scripts/prepare_tuning.py,d41c52ea834ed5ca52af9f5c94dfd6280d6981eace2ba379c9fd1bb607273aac,MIT,Project-authored script; external dependencies excluded
limited_grid/scripts/register_default_control.py,690515913727e8344e90b2783573527f90fe0ef7b50e5bf17add5f884030bf24,MIT,Project-authored script; external dependencies excluded
limited_grid/scripts/run_fresh_default_control.py,1ffb007d63341ed65161670a2705b2167e11c5606197d4d88f4d76891c5df2ca,MIT,Project-authored script; external dependencies excluded
limited_grid/scripts/run_relocation_smoke.py,8bce5a845f12fef25efb094d2063d502bbb321f97a8ef105869a7e37b05610f2,MIT,Project-authored script; external dependencies excluded
limited_grid/scripts/summarize_tuning.py,9b0cd91f89e4a862384b983a7f8b75e2fc772d6dabf537761d8265e6570e33e7,MIT,Project-authored script; external dependencies excluded
limited_grid/scripts/tune_dmpnn.py,f15db8f42acd865d5868a19013bb7b9b5a1fb14281739e029e0789e34b0bdb5b,MIT,Project-authored script; external dependencies excluded
policy631_execution/application_provenance/prepare_current.py,54e28d909c982f1278c28bf5487e1b74b2f715d3c0d433aa4b39e2ea1cc2fcc0,MIT,Project-authored script; external dependencies excluded
scripts/draw_selected.py,07886003b171dec359cac7f48a1a9d4fe50a5cbbe882f20047a1487f9fec7155,MIT,Project-authored script; external dependencies excluded
scripts/verify_plot_numbers.py,202f4dd03a4c0bd71cadc5264f0b25f8ec9438c988457e7d2038f1e7b3bd5ae5,MIT,Project-authored script; external dependencies excluded
VERIFY_PACKAGE.py,1d66641255edf4dd821905303872f4ea3c23450ef05bbf30e32d559a3d90d0e2,MIT,Project-authored script; external dependencies excluded
