view,scenario,target,route,documents,rows,skill,seed_min,seed_max,ci_low,ci_high,bootstrap_replicates,conditional_on_fixed_models_and_selected_cohort,single_document_degenerate
main,revised,ALK,source_exact,27,239,0.49037325950831523,0.48848564400704964,0.4911825665586502,0.2924751236174056,0.6507131945210273,2000,True,False
main,revised,ALK,source_scaffold,26,197,0.48659244269470914,0.48180858670328686,0.48690998144820075,0.25656961629037944,0.6540063330602627,2000,True,False
main,revised,ALK,temporal_exact,69,689,0.0583760188943514,0.05163534451238283,0.05975068941888895,-0.130815485096103,0.24644451169889053,2000,True,False
main,revised,ALK,temporal_scaffold,63,623,0.023621232381360602,0.014248884058915667,0.024703031161966482,-0.17318654936129685,0.2079933262795735,2000,True,False
main,revised,BRAF,source_exact,36,1413,0.40594018355901695,0.39922952103630027,0.4157882564908485,0.24927306381393174,0.4427887351415427,2000,True,False
main,revised,BRAF,source_scaffold,34,913,0.3530470083705485,0.3481366133744679,0.3630040636645925,0.2102562325932761,0.39791398261513505,2000,True,False
main,revised,BRAF,temporal_exact,94,1895,-0.024191747455507784,-0.033739852145287186,-0.0037752003102107246,-0.11929942721428378,0.21575579694962452,2000,True,False
main,revised,BRAF,temporal_scaffold,87,1449,-0.003022140853242039,-0.01284407003988175,0.014421925689611648,-0.10910158027097602,0.2139186726922636,2000,True,False
main,revised,EGFR,source_exact,134,2666,0.11896320302377528,0.11729091106055223,0.12765186132817385,-0.11262989632929596,0.38089923507774043,2000,True,False
main,revised,EGFR,source_scaffold,110,1567,0.06018171368510117,0.05362883205836899,0.06335449115517189,-0.14362035365493886,0.33460880171136426,2000,True,False
main,revised,EGFR,temporal_exact,236,3899,-0.3506479170083858,-0.3614027656018022,-0.3382443381749045,-0.5230566529661103,-0.17843397371529465,2000,True,False
main,revised,EGFR,temporal_scaffold,216,3166,-0.35451637628249144,-0.3651020399186258,-0.33876452508088195,-0.5448090457033035,-0.1531205033872009,2000,True,False
main,revised,ERBB2,source_exact,34,502,0.4004182657332416,0.39219602737496984,0.4073886255720015,0.11695512690748096,0.6641119204495278,2000,True,False
main,revised,ERBB2,source_scaffold,29,306,0.4340036801508136,0.42401857405522336,0.4405999461483775,0.019823083322158118,0.7180385797008763,2000,True,False
main,revised,ERBB2,temporal_exact,70,722,-0.16223404072589376,-0.173872223054238,-0.150098726373338,-0.4406665216582502,0.2234364539487101,2000,True,False
main,revised,ERBB2,temporal_scaffold,64,649,-0.18566347677884054,-0.19795858422517632,-0.17311314938020406,-0.4571847854206423,0.22295814396985716,2000,True,False
main,revised,KDR,source_exact,116,1459,0.28793799478225046,0.28239609422957124,0.2883105228302626,0.07218383058504166,0.4369356818640662,2000,True,False
main,revised,KDR,source_scaffold,107,1080,0.1960403231359008,0.19326590862035686,0.20254054413588185,-0.03350517033169444,0.36843699587004647,2000,True,False
main,revised,KDR,temporal_exact,278,2515,0.08945328670387864,0.08642564534303177,0.09506164755965274,-0.048999728232725595,0.25667430766829635,2000,True,False
main,revised,KDR,temporal_scaffold,259,2224,0.06303972431561589,0.06184991201615653,0.07089988406526193,-0.05031148691210828,0.21065864827213648,2000,True,False
main,revised,MET,source_exact,49,1993,0.2960021687251593,0.28786421127729933,0.31163132204548816,0.22531123215562676,0.41541874338892704,2000,True,False
main,revised,MET,source_scaffold,48,1893,0.29155134786019243,0.282815907690246,0.30778085269782196,0.2273032267842767,0.4176646628172475,2000,True,False
main,revised,MET,temporal_exact,61,1839,0.20134645327526768,0.19649880615462645,0.23145543472729424,-0.045356606365759146,0.25584543150606803,2000,True,False
main,revised,MET,temporal_scaffold,55,1764,0.21295239021071832,0.20857475948000836,0.24648522553739827,-0.026200104343333492,0.2632677995862165,2000,True,False
main,single_protein,ALK,source_exact,21,153,0.305664079218705,0.3037339894283394,0.30867804014117095,0.11691548961685402,0.47224102337751983,2000,True,False
main,single_protein,ALK,source_scaffold,20,119,0.3067606441245391,0.3062048864140635,0.30790886338499623,0.06591249628981148,0.4912707256758465,2000,True,False
main,single_protein,ALK,temporal_exact,51,351,-0.13117640258521424,-0.15092755301056693,-0.11493287577785449,-0.3134981259511218,0.0612666242358834,2000,True,False
main,single_protein,ALK,temporal_scaffold,48,319,-0.1037959075644026,-0.12440369201995005,-0.08915578947542824,-0.295762563558288,0.09981736017518326,2000,True,False
main,single_protein,BRAF,source_exact,17,222,0.2032229716341697,0.1738136544801876,0.21035122134334894,0.06720688960849487,0.37471250004897927,2000,True,False
main,single_protein,BRAF,source_scaffold,17,177,0.1959171205259721,0.1699905927510016,0.19876007725050893,0.07376574577423418,0.2991553384345924,2000,True,False
main,single_protein,BRAF,temporal_exact,67,522,0.02823230133670307,0.017345096765411405,0.038517081340516235,-0.06357233008737011,0.09369310171397133,2000,True,False
main,single_protein,BRAF,temporal_scaffold,63,483,0.03616649808193073,0.027259255761737045,0.05173736332332046,-0.06263546294477884,0.10369829044659803,2000,True,False
main,single_protein,EGFR,source_exact,72,1002,0.11336923882958061,0.10897409661802271,0.12383130188458114,-0.05598327651277527,0.3129621215281466,2000,True,False
main,single_protein,EGFR,source_scaffold,59,524,0.11082175802008332,0.1085519464461061,0.11765285628827382,-0.024330551942572137,0.31224625438384307,2000,True,False
main,single_protein,EGFR,temporal_exact,194,1885,-0.33402138174100227,-0.34271208021688304,-0.3295464903273293,-0.5228257862296671,-0.16219528113454917,2000,True,False
main,single_protein,EGFR,temporal_scaffold,180,1505,-0.34322489427458347,-0.3559187698572803,-0.34121869049004805,-0.562951919080724,-0.1425752246500193,2000,True,False
main,single_protein,ERBB2,source_exact,12,81,0.5949237499020065,0.5788422561407158,0.6123849280579392,-0.20061983626317587,0.8209340602544021,2000,True,False
main,single_protein,ERBB2,source_scaffold,11,56,0.6057931476220388,0.5923819688732177,0.6232187019808242,-0.42059783200976514,0.8198522404709725,2000,True,False
main,single_protein,ERBB2,temporal_exact,39,208,-0.10311610012199668,-0.11279104843735022,-0.09902267387457342,-0.4927445403248655,0.18907731107489267,2000,True,False
main,single_protein,ERBB2,temporal_scaffold,36,194,-0.08312520098149445,-0.09536089926285563,-0.08080058183677807,-0.49231373993005517,0.20033350972349329,2000,True,False
main,single_protein,KDR,source_exact,60,535,0.11084644639111318,0.10730264909029363,0.11964987928924142,-0.2801099007806667,0.38235183066122275,2000,True,False
main,single_protein,KDR,source_scaffold,55,387,0.010940409742587698,0.00017903154887188855,0.016541126714093912,-0.40572062224817296,0.29947254799609596,2000,True,False
main,single_protein,KDR,temporal_exact,209,1680,0.1335176590268533,0.13345263914228378,0.14192540556851785,0.03526284366130476,0.20937722912154794,2000,True,False
main,single_protein,KDR,temporal_scaffold,192,1457,0.105295962127255,0.10447221626753456,0.11017320344290715,0.010618799755214276,0.18374875166107543,2000,True,False
main,single_protein,MET,source_exact,31,760,0.2635166895057909,0.26251625863826256,0.27390827770197945,0.13665885326691987,0.518233799859642,2000,True,False
main,single_protein,MET,source_scaffold,30,734,0.23029435529690157,0.22989654177277252,0.24197476596967182,0.11826294950681444,0.48474910719631065,2000,True,False
main,single_protein,MET,temporal_exact,50,771,0.11968581677347878,0.10813250855629508,0.1527795699459923,0.010379200990034025,0.341427765758852,2000,True,False
main,single_protein,MET,temporal_scaffold,45,700,0.12606723062771075,0.11149953667671175,0.1602583716174023,-0.0048733095835785225,0.38998809372401705,2000,True,False
paired_operational,revised,ALK,source_exact,27,239,0.49037325950831545,0.48848564400704964,0.4911825665586502,0.2924751236174057,0.6507131945210277,2000,True,False
paired_operational,revised,ALK,source_scaffold,26,197,0.48659244269470925,0.48180858670328663,0.48690998144820075,0.25656961629037944,0.6540063330602628,2000,True,False
paired_operational,revised,ALK,temporal_exact,69,689,0.05837601889435129,0.05163534451238283,0.05975068941888906,-0.13081548509610322,0.24644451169889053,2000,True,False
paired_operational,revised,ALK,temporal_scaffold,63,623,0.023621232381360602,0.014248884058915334,0.02470303116196615,-0.17318654936129685,0.2079933262795734,2000,True,False
paired_operational,revised,BRAF,source_exact,36,1413,0.40594018355901706,0.3992295210363004,0.4157882564908486,0.24927306381393174,0.44278873514154293,2000,True,False
paired_operational,revised,BRAF,source_scaffold,34,913,0.3530470083705485,0.3481366133744679,0.36300406366459237,0.2102562325932761,0.39791398261513483,2000,True,False
paired_operational,revised,BRAF,temporal_exact,94,1895,-0.024191747455507784,-0.033739852145287186,-0.0037752003102105025,-0.11929942721428334,0.21575579694962452,2000,True,False
paired_operational,revised,BRAF,temporal_scaffold,87,1449,-0.003022140853242483,-0.01284407003988175,0.014421925689611426,-0.10910158027097602,0.2139186726922635,2000,True,False
paired_operational,revised,EGFR,source_exact,134,2666,0.11896320302377494,0.11729091106055234,0.12765186132817385,-0.11262989632929596,0.38089923507774043,2000,True,False
paired_operational,revised,EGFR,source_scaffold,110,1567,0.06018171368510139,0.0536288320583691,0.06335449115517211,-0.14362035365493908,0.33460880171136415,2000,True,False
paired_operational,revised,EGFR,temporal_exact,236,3899,-0.3506479170083854,-0.3614027656018024,-0.3382443381749054,-0.5230566529661106,-0.17843397371529465,2000,True,False
paired_operational,revised,EGFR,temporal_scaffold,216,3166,-0.3545163762824919,-0.3651020399186258,-0.33876452508088173,-0.5448090457033035,-0.1531205033872009,2000,True,False
paired_operational,revised,ERBB2,source_exact,34,502,0.4004182657332417,0.39219602737496995,0.4073886255720016,0.11695512690748128,0.6641119204495278,2000,True,False
paired_operational,revised,ERBB2,source_scaffold,29,306,0.4340036801508135,0.4240185740552238,0.4405999461483774,0.01982308332215832,0.7180385797008763,2000,True,False
paired_operational,revised,ERBB2,temporal_exact,70,722,-0.16223404072589376,-0.173872223054238,-0.150098726373338,-0.4406665216582502,0.2234364539487101,2000,True,False
paired_operational,revised,ERBB2,temporal_scaffold,64,649,-0.18566347677884054,-0.19795858422517632,-0.17311314938020406,-0.4571847854206423,0.22295814396985716,2000,True,False
paired_operational,revised,KDR,source_exact,116,1459,0.2879379947822506,0.28239609422957135,0.2883105228302626,0.07218383058504166,0.4369356818640662,2000,True,False
paired_operational,revised,KDR,source_scaffold,107,1080,0.1960403231359008,0.19326590862035675,0.2025405441358814,-0.03350517033169488,0.3684369958700466,2000,True,False
paired_operational,revised,KDR,temporal_exact,278,2515,0.08945328670387864,0.08642564534303177,0.09506164755965274,-0.048999728232725595,0.25667430766829635,2000,True,False
paired_operational,revised,KDR,temporal_scaffold,259,2224,0.06303972431561589,0.06184991201615653,0.07089988406526193,-0.05031148691210828,0.21065864827213648,2000,True,False
paired_operational,revised,MET,source_exact,49,1993,0.2960021687251595,0.2878642112772992,0.31163132204548816,0.22531123215562687,0.41541874338892704,2000,True,False
paired_operational,revised,MET,source_scaffold,48,1893,0.2915513478601923,0.2828159076902459,0.30778085269782185,0.22730322678427659,0.4176646628172474,2000,True,False
paired_operational,revised,MET,temporal_exact,61,1839,0.2013464532752678,0.196498806154627,0.23145543472729402,-0.04535660636575913,0.2558454315060678,2000,True,False
paired_operational,revised,MET,temporal_scaffold,55,1764,0.21295239021071843,0.2085747594800087,0.24648522553739893,-0.026200104343333492,0.2632677995862165,2000,True,False
paired_operational,single_protein,ALK,source_exact,21,153,0.30566407921870486,0.30373398942833985,0.3086780401411712,0.11691548961685369,0.4722410233775197,2000,True,False
paired_operational,single_protein,ALK,source_scaffold,20,119,0.30676064412453885,0.30620488641406374,0.3079088633849958,0.06591249628981104,0.4912707256758465,2000,True,False
paired_operational,single_protein,ALK,temporal_exact,51,351,-0.13117640258521424,-0.15092755301056693,-0.11493287577785449,-0.3134981259511218,0.0612666242358834,2000,True,False
paired_operational,single_protein,ALK,temporal_scaffold,48,319,-0.1037959075644026,-0.12440369201995005,-0.08915578947542824,-0.295762563558288,0.09981736017518326,2000,True,False
paired_operational,single_protein,BRAF,source_exact,17,222,0.20322297163416947,0.17381365448018804,0.21035122134334894,0.06720688960849498,0.3747125000489794,2000,True,False
paired_operational,single_protein,BRAF,source_scaffold,17,177,0.1959171205259722,0.16999059275100148,0.1987600772505086,0.07376574577423398,0.2991553384345924,2000,True,False
paired_operational,single_protein,BRAF,temporal_exact,67,522,0.02823230133670307,0.017345096765411405,0.038517081340516235,-0.06357233008737011,0.09369310171397133,2000,True,False
paired_operational,single_protein,BRAF,temporal_scaffold,63,483,0.03616649808193073,0.027259255761737045,0.05173736332332046,-0.06263546294477884,0.10369829044659803,2000,True,False
paired_operational,single_protein,EGFR,source_exact,72,1002,0.11336923882958094,0.1089740966180226,0.12383130188458136,-0.055983276512775064,0.31296212152814673,2000,True,False
paired_operational,single_protein,EGFR,source_scaffold,59,524,0.11082175802008332,0.1085519464461061,0.11765285628827382,-0.024330551942572352,0.3122462543838429,2000,True,False
paired_operational,single_protein,EGFR,temporal_exact,194,1885,-0.3340213817410018,-0.3427120802168828,-0.3295464903273293,-0.5228257862296667,-0.16219528113454917,2000,True,False
paired_operational,single_protein,EGFR,temporal_scaffold,180,1505,-0.3432248942745837,-0.35591876985728055,-0.34121869049004805,-0.562951919080724,-0.1425752246500193,2000,True,False
paired_operational,single_protein,ERBB2,source_exact,12,81,0.5949237499020066,0.5788422561407159,0.6123849280579394,-0.20061983626317476,0.8209340602544022,2000,True,False
paired_operational,single_protein,ERBB2,source_scaffold,11,56,0.6057931476220385,0.5923819688732173,0.6232187019808242,-0.42059783200976714,0.8198522404709723,2000,True,False
paired_operational,single_protein,ERBB2,temporal_exact,39,208,-0.10311610012199668,-0.11279104843735022,-0.09902267387457342,-0.4927445403248655,0.18907731107489267,2000,True,False
paired_operational,single_protein,ERBB2,temporal_scaffold,36,194,-0.08312520098149445,-0.09536089926285563,-0.08080058183677807,-0.49231373993005517,0.20033350972349329,2000,True,False
paired_operational,single_protein,KDR,source_exact,60,535,0.11566821111302827,0.1053511267915932,0.11569090269366311,-0.2953389955003763,0.3886312295981946,2000,True,False
paired_operational,single_protein,KDR,source_scaffold,55,387,0.006494106191532234,0.00042503849120878456,0.009114119208614269,-0.43918040916127693,0.3041562218376929,2000,True,False
paired_operational,single_protein,KDR,temporal_exact,209,1680,0.11145972526830727,0.10600627694877207,0.12318741141588951,0.021175832009169827,0.1833475437416375,2000,True,False
paired_operational,single_protein,KDR,temporal_scaffold,192,1457,0.08396385737583256,0.08007734910431175,0.09389159852920115,-0.005486465374462113,0.15992968885563602,2000,True,False
paired_operational,single_protein,MET,source_exact,31,760,0.2635166895057909,0.26251625863826256,0.2739082777019791,0.13665885326691976,0.518233799859642,2000,True,False
paired_operational,single_protein,MET,source_scaffold,30,734,0.23029435529690157,0.22989654177277274,0.24197476596967182,0.11826294950681467,0.48474910719631065,2000,True,False
paired_operational,single_protein,MET,temporal_exact,50,771,0.11968581677347878,0.10813250855629508,0.15277956994599196,0.010379200990033807,0.341427765758852,2000,True,False
paired_operational,single_protein,MET,temporal_scaffold,45,700,0.12606723062771064,0.11149953667671175,0.1602583716174023,-0.004873309583578738,0.38998809372401705,2000,True,False
