view,scenario,target,route,seed,rows,training_rows,documents,mse_rf,mse_mean,mse_median,D,skill_mean,training_mean,training_median,rmse_rf,rmse_mean,delta_rmse,r2,prediction_mode
main,revised,ALK,source_exact,42,239,2689,27,0.5649413229579574,1.1044486168160317,1.0627003138075315,0.5395072938580743,0.4884856440070495,7.33932502789141,7.55,0.751625786517438,1.0509275031209486,-0.29930171660351057,0.46837116999095685,literal_reused_policy618_prediction
main,revised,ALK,source_exact,53,239,2689,27,0.5628565486285037,1.1044486168160317,1.0627003138075315,0.541592068187528,0.49037325950831556,7.33932502789141,7.55,0.7502376614303654,1.0509275031209486,-0.3006898416905832,0.4703330129161607,literal_reused_policy618_prediction
main,revised,ALK,source_exact,67,239,2689,27,0.5619627105761815,1.1044486168160317,1.0627003138075315,0.5424859062398502,0.49118256655865067,7.33932502789141,7.55,0.7496417214751201,1.0509275031209486,-0.30128578164582853,0.4711741446561537,literal_reused_policy618_prediction
main,revised,ALK,source_scaffold,42,197,2689,26,0.6265173493614025,1.2090461811698578,1.1933225888324874,0.5825288318084554,0.48180858670328686,7.33932502789141,7.55,0.7915284892923327,1.0995663605121146,-0.308037871219782,0.47293720131652617,literal_reused_policy618_prediction
main,revised,ALK,source_scaffold,53,197,2689,26,0.6207334465437065,1.2090461811698578,1.1933225888324874,0.5883127346261513,0.48659244269470936,7.33932502789141,7.55,0.787866388763797,1.0995663605121146,-0.31169997174831765,0.4778029564460774,literal_reused_policy618_prediction
main,revised,ALK,source_scaffold,67,197,2689,26,0.6203495275264241,1.2090461811698578,1.1933225888324874,0.5886966536434337,0.48690998144820097,7.33932502789141,7.55,0.7876227063298925,1.0995663605121146,-0.31194365418222214,0.4781259314314037,literal_reused_policy618_prediction
main,revised,ALK,temporal_exact,42,689,2016,69,1.2382441720751367,1.3150091723675068,1.256347786647315,0.0767650002923701,0.058376018894350734,7.350369543650793,7.51,1.1127642032682112,1.1467384934532836,-0.033974290185072364,0.005863290810759203,literal_reused_policy618_prediction
main,revised,ALK,temporal_exact,53,689,2016,69,1.2471082207153674,1.3150091723675068,1.256347786647315,0.06790095165213939,0.05163534451238261,7.350369543650793,7.51,1.1167399969175311,1.1467384934532836,-0.029998496535752484,-0.001253299231836813,literal_reused_policy618_prediction
main,revised,ALK,temporal_exact,67,689,2016,69,1.2364364677263846,1.3150091723675068,1.256347786647315,0.0785727046411222,0.059750689418889835,7.350369543650793,7.51,1.1119516481063305,1.1467384934532836,-0.03478684534695309,0.00731462431426666,literal_reused_policy618_prediction
main,revised,ALK,temporal_scaffold,42,623,2016,63,1.2887335838982046,1.3199115206503211,1.2615221910112362,0.031177936752116553,0.023621232381360824,7.350369543650793,7.51,1.1352240236614994,1.1488740229678454,-0.013649999306345917,-0.030246758216208258,literal_reused_policy618_prediction
main,revised,ALK,temporal_scaffold,53,623,2016,63,1.301104254424548,1.3199115206503211,1.2615221910112362,0.018807266225773223,0.014248884058915445,7.350369543650793,7.51,1.1406595699088085,1.1488740229678454,-0.008214453059036897,-0.04013619026482074,literal_reused_policy618_prediction
main,revised,ALK,temporal_scaffold,67,623,2016,63,1.2873057052246573,1.3199115206503211,1.2615221910112362,0.032605815425663875,0.024703031161966815,7.350369543650793,7.51,1.134594952053224,1.1488740229678454,-0.014279070914621439,-0.02910527529613227,literal_reused_policy618_prediction
main,revised,BRAF,source_exact,42,1413,4134,36,0.9691950642159357,1.6589790858950013,1.5074657997169152,0.6897840216790656,0.4157882564908494,7.228878809869375,7.35,0.9844770511372704,1.2880136202288395,-0.3035365690915691,0.18442140686148012,new_matching_RF_policy631
main,revised,BRAF,source_exact,53,1413,4134,36,0.9855328112462144,1.6589790858950013,1.5074657997169152,0.6734462746487869,0.40594018355901695,7.228878809869375,7.35,0.992740052202093,1.2880136202288395,-0.2952735680267464,0.17067317677862548,new_matching_RF_policy631
main,revised,BRAF,source_exact,67,1413,4134,36,0.9966656600239008,1.6589790858950013,1.5074657997169152,0.6623134258711005,0.39922952103630027,7.228878809869375,7.35,0.9983314379623136,1.2880136202288395,-0.28968218226652587,0.1613048736588869,new_matching_RF_policy631
main,revised,BRAF,source_scaffold,42,913,4134,34,1.0392754400100643,1.6315260125346205,1.5120122124863093,0.5922505725245562,0.3630040636645925,7.228878809869375,7.35,1.0194485960606667,1.2773120263015691,-0.2578634302409024,0.21545937671211757,new_matching_RF_policy631
main,revised,BRAF,source_scaffold,53,913,4134,34,1.055520634730542,1.6315260125346205,1.5120122124863093,0.5760053778040786,0.35304700837054903,7.228878809869375,7.35,1.0273853389700196,1.2773120263015691,-0.24992668733154955,0.2031960106199553,new_matching_RF_policy631
main,revised,BRAF,source_scaffold,67,913,4134,34,1.0635320718984684,1.6315260125346205,1.5120122124863093,0.567993940636152,0.34813661337446766,7.228878809869375,7.35,1.0312769132965542,1.2773120263015691,-0.2460351130050149,0.19714824150391042,new_matching_RF_policy631
main,revised,BRAF,temporal_exact,42,1895,3562,94,1.7291481243544635,1.6883050743675108,1.696598905013193,-0.04084304998695276,-0.024191747455508672,7.1479618192026955,7.14,1.3149707693916484,1.2993479419953344,0.015622827396313932,-0.21672355647742103,fixed_policy618_prediction_test_filtered
main,revised,BRAF,temporal_exact,53,1895,3562,94,1.7452682379528097,1.6883050743675108,1.696598905013193,-0.05696316358529896,-0.03373985214528785,7.1479618192026955,7.14,1.3210860070233164,1.2993479419953344,0.021738065027981923,-0.22806655345491933,fixed_policy618_prediction_test_filtered
main,revised,BRAF,temporal_exact,67,1895,3562,94,1.6946787642079906,1.6883050743675108,1.696598905013193,-0.006373689840479813,-0.0037752003102091702,7.1479618192026955,7.14,1.3017982809206619,1.2993479419953344,0.002450338925327422,-0.19246902219188966,fixed_policy618_prediction_test_filtered
main,revised,BRAF,temporal_scaffold,42,1449,3562,87,1.7041651663181965,1.6990304569633028,1.7049745859213252,-0.005134709354893685,-0.0030221408532433713,7.1479618192026955,7.14,1.305436772240692,1.3034686252316559,0.0019681470090362474,-0.09056692232803631,fixed_policy618_prediction_test_filtered
main,revised,BRAF,temporal_scaffold,53,1449,3562,87,1.720852923152432,1.6990304569633028,1.7049745859213252,-0.021822466189129308,-0.012844070039881972,7.1479618192026955,7.14,1.3118128384615055,1.3034686252316559,0.008344213229849684,-0.1012461193747578,fixed_policy618_prediction_test_filtered
main,revised,BRAF,temporal_scaffold,67,1449,3562,87,1.6745271659685883,1.6990304569633028,1.7049745859213252,0.02450329099471449,0.014421925689613313,7.1479618192026955,7.14,1.2940352259380685,1.3034686252316559,-0.00943339929358733,-0.07160032010892126,fixed_policy618_prediction_test_filtered
main,revised,EGFR,source_exact,42,2666,10085,134,1.3281287231916714,1.5046052429202725,1.530240069392348,0.17647651972860112,0.11729091106055145,7.0504799206742685,7.09,1.1524446725078266,1.226623513112427,-0.07417884060460045,0.05929528982473986,literal_reused_policy618_prediction
main,revised,EGFR,source_exact,53,2666,10085,134,1.3256125839361108,1.5046052429202725,1.530240069392348,0.17899265898416172,0.11896320302377572,7.0504799206742685,7.09,1.1513525020323319,1.226623513112427,-0.07527101108009515,0.061077454465735426,literal_reused_policy618_prediction
main,revised,EGFR,source_exact,67,2666,10085,134,1.3125395830973723,1.5046052429202725,1.530240069392348,0.19206565982290025,0.12765186132817274,7.0504799206742685,7.09,1.1456611990887062,1.226623513112427,-0.08096231402372078,0.07033697370538639,literal_reused_policy618_prediction
main,revised,EGFR,source_scaffold,42,1567,10085,110,1.4766526144470127,1.5603313630726428,1.597470453095086,0.08367874862563007,0.05362883205836988,7.0504799206742685,7.09,1.2151759602818897,1.249132244028887,-0.03395628374699733,-0.08759186051771262,literal_reused_policy618_prediction
main,revised,EGFR,source_scaffold,53,1567,10085,110,1.4664279477263191,1.5603313630726428,1.597470453095086,0.09390341534632363,0.06018171368510261,7.0504799206742685,7.09,1.2109615797895155,1.249132244028887,-0.03817066423937154,-0.08006113582787266,literal_reused_policy618_prediction
main,revised,EGFR,source_scaffold,67,1567,10085,110,1.4614773635317189,1.5603313630726428,1.597470453095086,0.09885399954092389,0.06335449115517244,7.0504799206742685,7.09,1.2089157801649042,1.249132244028887,-0.04021646386398281,-0.07641490581942145,literal_reused_policy618_prediction
main,revised,EGFR,temporal_exact,42,3899,7660,236,2.7297516581737145,2.021068276786724,1.973142010771993,-0.7086833813869906,-0.35064791700838494,6.793461488250653,6.85,1.652196010821269,1.421642809142551,0.23055320167871796,-0.5026145769260757,literal_reused_policy618_prediction
main,revised,EGFR,temporal_exact,53,3899,7660,236,2.7514879414875124,2.021068276786724,1.973142010771993,-0.7304196647007886,-0.36140276560180107,6.793461488250653,6.85,1.65876096574748,1.421642809142551,0.23711815660492896,-0.5145794954408094,literal_reused_policy618_prediction
main,revised,EGFR,temporal_exact,67,3899,7660,236,2.7046831784747467,2.021068276786724,1.973142010771993,-0.6836149016880229,-0.33824433817490585,6.793461488250653,6.85,1.6445921009401532,1.421642809142551,0.22294929179760214,-0.4888154231077222,literal_reused_policy618_prediction
main,revised,EGFR,temporal_scaffold,42,3166,7660,216,2.786117493103916,2.0569094193977135,2.0158348704990527,-0.7292080737062023,-0.3545163762824921,6.793461488250653,6.85,1.6691667062051998,1.4341929505466529,0.23497375565854695,-0.46358387761911635,literal_reused_policy618_prediction
main,revised,EGFR,temporal_scaffold,53,3166,7660,216,2.8078912443476587,2.0569094193977135,2.0158348704990527,-0.7509818249499451,-0.36510203991862755,6.793461488250653,6.85,1.675676354296276,1.4341929505466529,0.24148340374962318,-0.4750219132922382,literal_reused_policy618_prediction
main,revised,EGFR,temporal_scaffold,67,3166,7660,216,2.7537173619943753,2.0569094193977135,2.0158348704990527,-0.6968079425966618,-0.3387645250808833,6.793461488250653,6.85,1.6594328434722434,1.4341929505466529,0.22523989292559055,-0.4465636659295369,literal_reused_policy618_prediction
main,revised,ERBB2,source_exact,42,502,1800,34,0.6354109077937532,1.072221923527987,1.1199703187250993,0.43681101573423387,0.40738862557200106,6.881905555555556,7.05,0.7971266573097109,1.0354814935709797,-0.23835483626126885,0.40552471827833014,literal_reused_policy618_prediction
main,revised,ERBB2,source_exact,53,502,1800,34,0.651700744655962,1.072221923527987,1.1199703187250993,0.4205211788720251,0.3921960273749697,6.881905555555556,7.05,0.8072798428401158,1.0354814935709797,-0.22820165073086396,0.3902843356549257,literal_reused_policy618_prediction
main,revised,ERBB2,source_exact,67,502,1800,34,0.6428846804277498,1.072221923527987,1.1199703187250993,0.42933724310023724,0.4004182657332418,6.881905555555556,7.05,0.8018008982457864,1.0354814935709797,-0.23368059532519336,0.39853243495800517,literal_reused_policy618_prediction
main,revised,ERBB2,source_scaffold,42,306,1800,29,0.6633156955596374,1.1857626594644153,1.2975856209150327,0.5224469639047779,0.44059994614837716,6.881905555555556,7.05,0.8144419534623922,1.0889272976027442,-0.274485344140352,0.4098480972888313,literal_reused_policy618_prediction
main,revised,ERBB2,source_scaffold,53,306,1800,29,0.6829772674303839,1.1857626594644153,1.2975856209150327,0.5027853920340314,0.4240185740552239,6.881905555555556,7.05,0.8264243870012452,1.0889272976027442,-0.262502910601499,0.39235519891858583,literal_reused_policy618_prediction
main,revised,ERBB2,source_scaffold,67,306,1800,29,0.6711373014714433,1.1857626594644153,1.2975856209150327,0.5146253579929719,0.43400368015081336,6.881905555555556,7.05,0.8192297000667416,1.0889272976027442,-0.26969759753600264,0.4028892153537148,literal_reused_policy618_prediction
main,revised,ERBB2,temporal_exact,42,722,1534,70,2.2332033202897095,1.9214747133846837,1.6471316135734075,-0.3117286069050258,-0.16223404072589376,6.646192959582789,6.85,1.4943906183758346,1.386172685268572,0.10821793310726258,-0.6906325458363365,literal_reused_policy618_prediction
main,revised,ERBB2,temporal_exact,53,722,1534,70,2.255565793343385,1.9214747133846837,1.6471316135734075,-0.33409107995870135,-0.17387222305423888,6.646192959582789,6.85,1.5018541185292882,1.386172685268572,0.11568143326071612,-0.7075619155925248,literal_reused_policy618_prediction
main,revised,ERBB2,temporal_exact,67,722,1534,70,2.2098856206223005,1.9214747133846837,1.6471316135734075,-0.28841090723761686,-0.15009872637333865,6.646192959582789,6.85,1.4865684042862948,1.386172685268572,0.1003957190177227,-0.672980027772444,literal_reused_policy618_prediction
main,revised,ERBB2,temporal_scaffold,42,649,1534,64,2.3978378030519716,2.022359505891431,1.7332547380585521,-0.3754782971605404,-0.1856634767788401,6.646192959582789,6.85,1.548495335172816,1.4220968693768479,0.12639846579596803,-0.757466760709993,literal_reused_policy618_prediction
main,revised,ERBB2,temporal_scaffold,53,649,1534,64,2.4227029304720276,2.022359505891431,1.7332547380585521,-0.40034342458059635,-0.19795858422517698,6.646192959582789,6.85,1.5565034309220227,1.4220968693768479,0.13440656154517483,-0.7756913607583975,literal_reused_policy618_prediction
main,revised,ERBB2,temporal_scaffold,67,649,1534,64,2.372456529135291,2.022359505891431,1.7332547380585521,-0.3500970232438596,-0.17311314938020428,6.646192959582789,6.85,1.5402780687704707,1.4220968693768479,0.11818119939362282,-0.738863857212406,literal_reused_policy618_prediction
main,revised,KDR,source_exact,42,1459,8496,116,0.8385766067935326,1.168578654673327,1.1638043865661412,0.33000204787979437,0.2823960942295711,6.868265065913371,6.92,0.9157382850976215,1.0810081658680137,-0.16526988077039229,0.2791976931903498,new_matching_RF_policy631
main,revised,KDR,source_exact,53,1459,8496,116,0.8321004601013497,1.168578654673327,1.1638043865661412,0.33647819457197725,0.28793799478225013,6.868265065913371,6.92,0.9121954067530431,1.0810081658680137,-0.16881275911497062,0.28476429430603345,new_matching_RF_policy631
main,revised,KDR,source_exact,67,1459,8496,116,0.8316651317761748,1.168578654673327,1.1638043865661412,0.33691352289715215,0.2883105228302629,6.868265065913371,6.92,0.911956759817139,1.0810081658680137,-0.16905140605087476,0.28513848273254516,new_matching_RF_policy631
main,revised,KDR,source_scaffold,42,1080,8496,107,0.890354648223011,1.1036531835420058,1.1119128703703702,0.2132985353189948,0.19326590862035642,6.868265065913371,6.92,0.9435860576667139,1.0505489915001611,-0.10696293383344724,0.19113197430093698,new_matching_RF_policy631
main,revised,KDR,source_scaffold,53,1080,8496,107,0.887292656810466,1.1036531835420058,1.1119128703703702,0.21636052673153983,0.19604032313590025,6.868265065913371,6.92,0.9419621313038364,1.0505489915001611,-0.10858686019632469,0.1939137275646684,new_matching_RF_policy631
main,revised,KDR,source_scaffold,67,1080,8496,107,0.8801186672101088,1.1036531835420058,1.1119128703703702,0.22353451633189703,0.20254054413588263,6.868265065913371,6.92,0.9381463996680416,1.0505489915001611,-0.11240259183211954,0.2004311426374239,new_matching_RF_policy631
main,revised,KDR,temporal_exact,42,2515,5485,278,1.327460553350717,1.4530405178122092,1.4514001590457257,0.1255799644614921,0.08642564534303099,6.868125797629899,7.0,1.1521547436654145,1.2054213030356686,-0.05326655937025415,0.08314033679870547,literal_reused_policy618_prediction
main,revised,KDR,temporal_exact,53,2515,5485,278,1.3230612677800033,1.4530405178122092,1.4514001590457257,0.1299792500322059,0.08945328670387731,6.868125797629899,7.0,1.150244003583589,1.2054213030356686,-0.05517729945207961,0.08617886587326795,literal_reused_policy618_prediction
main,revised,KDR,temporal_exact,67,2515,5485,278,1.3149120922180504,1.4530405178122092,1.4514001590457257,0.13812842559415883,0.0950616475596523,6.868125797629899,7.0,1.1466961638629696,1.2054213030356686,-0.05872513917269906,0.09180739497889057,literal_reused_policy618_prediction
main,revised,KDR,temporal_scaffold,42,2224,5485,259,1.3435794244946817,1.432158288640292,1.4167604204136692,0.08857886414561023,0.06184991201615575,6.868125797629899,7.0,1.1591287350828128,1.1967281598760398,-0.037599424793226977,0.051615534767529336,literal_reused_policy618_prediction
main,revised,KDR,temporal_scaffold,53,2224,5485,259,1.3418754249480853,1.432158288640292,1.4167604204136692,0.09028286369220662,0.06303972431561478,6.868125797629899,7.0,1.15839346724163,1.1967281598760398,-0.038334692634409695,0.05281832685357435,literal_reused_policy618_prediction
main,revised,KDR,temporal_scaffold,67,2224,5485,259,1.3306184320125922,1.432158288640292,1.4167604204136692,0.10153985662769971,0.07089988406526126,6.868125797629899,7.0,1.1535243525875785,1.1967281598760398,-0.04320380728846129,0.060764233906496434,literal_reused_policy618_prediction
main,revised,MET,source_exact,42,1993,3275,49,0.6759016681850551,0.9600905544852207,0.8759640240842955,0.2841888863001656,0.29600216872515883,7.251094656488549,7.35,0.8221323909110109,0.9798421069158136,-0.15770971600480277,0.08004511881650511,new_matching_RF_policy631
main,revised,MET,source_exact,53,1993,3275,49,0.6837148442635483,0.9600905544852207,0.8759640240842955,0.2763757102216724,0.28786421127729866,7.251094656488549,7.35,0.8268705123920845,0.9798421069158136,-0.1529715945237291,0.0694107768562956,new_matching_RF_policy631
main,revised,MET,source_exact,67,1993,3275,49,0.6608962657076054,0.9600905544852207,0.8759640240842955,0.29919428877761534,0.3116313220454884,7.251094656488549,7.35,0.8129552667321895,0.9798421069158136,-0.1668868401836241,0.10046864179777004,new_matching_RF_policy631
main,revised,MET,source_scaffold,42,1893,3275,48,0.6793198466805629,0.958883674390143,0.873281814580032,0.2795638277095801,0.29155134786019243,7.251094656488549,7.35,0.8242086184216729,0.979226058880248,-0.15501744045857513,0.06477145683272867,new_matching_RF_policy631
main,revised,MET,source_scaffold,53,1893,3275,48,0.6876961176481373,0.958883674390143,0.873281814580032,0.2711875567420057,0.282815907690245,7.251094656488549,7.35,0.8292744525476095,0.979226058880248,-0.1499516063326386,0.05323973472500909,new_matching_RF_policy631
main,revised,MET,source_scaffold,67,1893,3275,48,0.663757639448324,0.958883674390143,0.873281814580032,0.295126034941819,0.30778085269782207,7.251094656488549,7.35,0.8147132252813404,0.979226058880248,-0.16451283359890767,0.08619615164974592,new_matching_RF_policy631
main,revised,MET,temporal_exact,42,1839,2835,61,0.7582035800183522,0.9865447161796187,0.8630660005437738,0.2283411361612665,0.2314554347272919,7.180961199294533,7.33,0.8707488616233455,0.9932495739639754,-0.12250071234062987,-0.014117076595785427,literal_reused_policy618_prediction
main,revised,MET,temporal_exact,53,1839,2835,61,0.7879074365793971,0.9865447161796187,0.8630660005437738,0.1986372796002216,0.20134645327526746,7.180961199294533,7.33,0.8876415022853523,0.9932495739639754,-0.10560807167862307,-0.05384675998580368,literal_reused_policy618_prediction
main,revised,MET,temporal_exact,67,1839,2835,61,0.7926898572321691,0.9865447161796187,0.8630660005437738,0.19385485894744958,0.19649880615462612,7.180961199294533,7.33,0.890331318797766,0.9932495739639754,-0.10291825516620945,-0.06024337242506839,literal_reused_policy618_prediction
main,revised,MET,temporal_scaffold,42,1764,2835,55,0.73493978829444,0.9753488759640964,0.85055554138322,0.2404090876696564,0.2464852255373965,7.180961199294533,7.33,0.8572862930750963,0.987597527317731,-0.1303112342426347,-0.003848239666290887,literal_reused_policy618_prediction
main,revised,MET,temporal_scaffold,53,1764,2835,55,0.7676460015382053,0.9753488759640964,0.85055554138322,0.20770287442589108,0.21295239021071766,7.180961199294533,7.33,0.8761540969134398,0.987597527317731,-0.11144343040429117,-0.04852138856070165,literal_reused_policy618_prediction
main,revised,MET,temporal_scaffold,67,1764,2835,55,0.7719157187507895,0.9753488759640964,0.85055554138322,0.2034331572133069,0.20857475948000737,7.180961199294533,7.33,0.8785873426989428,0.987597527317731,-0.1090101846187882,-0.05435336034395788,literal_reused_policy618_prediction
main,single_protein,ALK,source_exact,42,153,978,21,0.6531848701959536,0.9407332252967179,1.0214511437908498,0.28754835510076426,0.3056640792187054,7.725316973415133,7.96,0.8081985338986662,0.9699140298483767,-0.16171549594971046,0.30345426038571066,literal_reused_policy618_prediction
main,single_protein,ALK,source_exact,53,153,978,21,0.6503495370164442,0.9407332252967179,1.0214511437908498,0.2903836882802737,0.3086780401411712,7.725316973415133,7.96,0.8064425193505388,0.9699140298483767,-0.16347151049783792,0.3064778136501668,literal_reused_policy618_prediction
main,single_protein,ALK,source_exact,67,153,978,21,0.655000569789557,0.9407332252967179,1.0214511437908498,0.28573265550716087,0.3037339894283393,7.725316973415133,7.96,0.8093210548290196,0.9699140298483767,-0.1605929750193571,0.3015180278211621,literal_reused_policy618_prediction
main,single_protein,ALK,source_scaffold,42,119,978,20,0.7553319060891592,1.0886959151170224,1.197128781512605,0.3333640090278631,0.30620488641406385,7.725316973415133,7.96,0.8690983293558671,1.0434059205874875,-0.17430759123162043,0.29787065007421176,literal_reused_policy618_prediction
main,single_protein,ALK,source_scaffold,53,119,978,20,0.7534767933214513,1.0886959151170224,1.197128781512605,0.335219121795571,0.30790886338499657,7.725316973415133,7.96,0.8680304103667402,1.0434059205874875,-0.17537551022074727,0.29959509612386137,literal_reused_policy618_prediction
main,single_protein,ALK,source_scaffold,67,119,978,20,0.7547268549399698,1.0886959151170224,1.197128781512605,0.3339690601770525,0.3067606441245393,7.725316973415133,7.96,0.8687501683107577,1.0434059205874875,-0.1746557522767298,0.2984330838422381,literal_reused_policy618_prediction
main,single_protein,ALK,temporal_exact,42,351,738,51,1.156337428243383,1.0047004481026327,0.996138247863248,-0.15163698014075022,-0.1509275530105667,7.651449864498645,7.8,1.0753313109192826,1.0023474687465583,0.07298384217272424,-0.16323305701795365,literal_reused_policy618_prediction
main,single_protein,ALK,temporal_exact,53,351,738,51,1.1201735598983673,1.0047004481026327,0.996138247863248,-0.1154731117957346,-0.11493287577785449,7.651449864498645,7.8,1.0583825205937443,1.0023474687465583,0.056035051847185935,-0.12685353136991484,literal_reused_policy618_prediction
main,single_protein,ALK,temporal_exact,67,351,738,51,1.1364934385604888,1.0047004481026327,0.996138247863248,-0.13179299045785609,-0.13117640258521424,7.651449864498645,7.8,1.0660644626665354,1.0023474687465583,0.0637169939199771,-0.14327073095424425,literal_reused_policy618_prediction
main,single_protein,ALK,temporal_scaffold,42,319,738,48,1.1776679008441835,1.0473710725091507,1.0421753134796239,-0.13029682833503275,-0.12440369201994961,7.651449864498645,7.8,1.0852040825781035,1.023411487383814,0.06179259519428948,-0.13351677741519374,literal_reused_policy618_prediction
main,single_protein,ALK,temporal_scaffold,53,319,738,48,1.1407502673524303,1.0473710725091507,1.0421753134796239,-0.09337919484327961,-0.08915578947542846,7.651449864498645,7.8,1.0680591122931493,1.023411487383814,0.04464762490933527,-0.09798319709482461,literal_reused_policy618_prediction
main,single_protein,ALK,temporal_scaffold,67,319,738,48,1.1560839035369392,1.0473710725091507,1.0421753134796239,-0.1087128310277885,-0.10379590756440216,7.651449864498645,7.8,1.0752134223199314,1.023411487383814,0.0518019349361174,-0.11274197065183711,literal_reused_policy618_prediction
main,single_protein,BRAF,source_exact,42,222,814,17,1.7028925739202223,2.0611482907634024,1.9073085585585585,0.35825571684318014,0.17381365448018804,6.881228501228501,7.0,1.3049492610520235,1.435669979752799,-0.1307207187007755,-0.0907039541895458,new_matching_RF_policy631
main,single_protein,BRAF,source_exact,53,222,814,17,1.6422756101357723,2.0611482907634024,1.9073085585585585,0.41887268062763017,0.20322297163417058,6.881228501228501,7.0,1.281513015983752,1.435669979752799,-0.15415696376904697,-0.05187874401292225,new_matching_RF_policy631
main,single_protein,BRAF,source_exact,67,222,814,17,1.6275832304315658,2.0611482907634024,1.9073085585585585,0.4335650603318366,0.21035122134334838,6.881228501228501,7.0,1.275767702378284,1.435669979752799,-0.1599022773745149,-0.042468263936107364,new_matching_RF_policy631
main,single_protein,BRAF,source_scaffold,42,177,814,17,1.37563065532558,1.657367547055883,1.5503909604519777,0.28173689173030314,0.1699905927510016,6.881228501228501,7.0,1.1728728214625743,1.287387877469678,-0.11451505600710377,0.015677702415912043,new_matching_RF_policy631
main,single_protein,BRAF,source_scaffold,53,177,814,17,1.3326608695835007,1.657367547055883,1.5503909604519777,0.32470667747238235,0.1959171205259722,6.881228501228501,7.0,1.1544093163100775,1.287387877469678,-0.1329785611596006,0.046424413435032896,new_matching_RF_policy631
main,single_protein,BRAF,source_scaffold,67,177,814,17,1.32794904537057,1.657367547055883,1.5503909604519777,0.32941850168531306,0.19876007725050848,6.881228501228501,7.0,1.1523667147963663,1.287387877469678,-0.13502116267331177,0.04979592425236523,new_matching_RF_policy631
main,single_protein,BRAF,temporal_exact,42,522,459,67,1.229559534563279,1.2512628090654787,1.2965666666666666,0.021703274502199665,0.017345096765410184,6.7502941176470594,6.66,1.1088550557053338,1.1185985915713816,-0.009743535866047814,-0.01705453847975602,fixed_policy618_prediction_test_filtered
main,single_protein,BRAF,temporal_exact,53,522,459,67,1.215936780388532,1.2512628090654787,1.2965666666666666,0.035326028676946786,0.028232301336703625,6.7502941176470594,6.66,1.1026952345904701,1.1185985915713816,-0.0159033569809115,-0.005786207365604978,fixed_policy618_prediction_test_filtered
main,single_protein,BRAF,temporal_exact,67,522,459,67,1.2030678176703422,1.2512628090654787,1.2965666666666666,0.0481949913951365,0.038517081340515125,6.7502941176470594,6.66,1.0968444819892846,1.1185985915713816,-0.021754109582097003,0.00485861020535594,fixed_policy618_prediction_test_filtered
main,single_protein,BRAF,temporal_scaffold,42,483,459,63,1.1838667493617292,1.2170424199603114,1.2518080745341615,0.033175670598582174,0.0272592557617376,6.7502941176470594,6.66,1.0880564090899558,1.1031964557413658,-0.01514004665141,0.009586369804824746,fixed_policy618_prediction_test_filtered
main,single_protein,BRAF,temporal_scaffold,53,483,459,63,1.1730262576131878,1.2170424199603114,1.2518080745341615,0.04401616234712358,0.036166498081931286,6.7502941176470594,6.66,1.0830633673119905,1.1031964557413658,-0.020133088429375334,0.018655440113254484,fixed_policy618_prediction_test_filtered
main,single_protein,BRAF,temporal_scaffold,67,483,459,63,1.1540758540989322,1.2170424199603114,1.2518080745341615,0.06296656586137916,0.05173736332331991,6.7502941176470594,6.66,1.0742792253873907,1.1031964557413658,-0.028917230353975087,0.03450919894915072,fixed_policy618_prediction_test_filtered
main,single_protein,EGFR,source_exact,42,1002,3336,72,0.9591560935270196,1.0817988000561378,1.0754535179640718,0.12264270652911824,0.11336923882958083,7.2839583333333335,7.26,0.9793651482092977,1.0400955725586654,-0.060730424349367707,0.09594321479365975,literal_reused_policy618_prediction
main,single_protein,EGFR,source_exact,53,1002,3336,72,0.9639107530975596,1.0817988000561378,1.0754535179640718,0.11788804695857824,0.10897409661802238,7.2839583333333335,7.26,0.9817895666065919,1.0400955725586654,-0.05830600595207347,0.09146168954964384,literal_reused_policy618_prediction
main,single_protein,EGFR,source_exact,67,1002,3336,72,0.9478382462680089,1.0817988000561378,1.0754535179640718,0.13396055378812888,0.1238313018845808,7.2839583333333335,7.26,0.9735698466304351,1.0400955725586654,-0.06652572592823025,0.10661090139596485,literal_reused_policy618_prediction
main,single_protein,EGFR,source_scaffold,42,524,3336,59,1.1013750426830113,1.2354898732373836,1.2173988549618322,0.13411483055437223,0.10855194644610722,7.2839583333333335,7.26,1.0494641693183295,1.1115259210820878,-0.06206175176375828,-0.016257774927822988,literal_reused_policy618_prediction
main,single_protein,EGFR,source_scaffold,53,524,3336,59,1.0985707134692075,1.2354898732373836,1.2173988549618322,0.13691915976817604,0.11082175802008276,7.2839583333333335,7.26,1.048127241068186,1.1115259210820878,-0.0633986800139017,-0.01367017192563158,literal_reused_policy618_prediction
main,single_protein,EGFR,source_scaffold,67,524,3336,59,1.0901309607357672,1.2354898732373836,1.2173988549618322,0.14535891250161637,0.11765285628827449,7.2839583333333335,7.26,1.0440933678248163,1.1115259210820878,-0.06743255325727149,-0.005882666306353146,literal_reused_policy618_prediction
main,single_protein,EGFR,temporal_exact,42,1885,2006,194,2.370696677066617,1.7771054568650728,1.7411361936339522,-0.5935912202015443,-0.33402138174100093,7.136298604187437,7.23,1.5397066854003776,1.3330811891498104,0.20662549625056714,-0.3782426518375088,literal_reused_policy618_prediction
main,single_protein,EGFR,temporal_exact,53,1885,2006,194,2.3627443231165013,1.7771054568650728,1.7411361936339522,-0.5856388662514285,-0.32954649032732863,7.136298604187437,7.23,1.5371220911549288,1.3330811891498104,0.20404090200511837,-0.37361942293497385,literal_reused_policy618_prediction
main,single_protein,EGFR,temporal_exact,67,1885,2006,194,2.3861409647520793,1.7771054568650728,1.7411361936339522,-0.6090355078870064,-0.3427120802168848,7.136298604187437,7.23,1.544713877956717,1.3330811891498104,0.21163268880690667,-0.38722143694370437,literal_reused_policy618_prediction
main,single_protein,EGFR,temporal_scaffold,42,1505,2006,180,2.4178294602176607,1.8027108310981284,1.783953704318937,-0.6151186291195323,-0.3412186904900496,7.136298604187437,7.23,1.5549371242007377,1.3426506735179216,0.21228645068281615,-0.35747755447615215,literal_reused_policy618_prediction
main,single_protein,EGFR,temporal_scaffold,53,1505,2006,180,2.4214460655094303,1.8027108310981284,1.783953704318937,-0.618735234411302,-0.3432248942745837,7.136298604187437,7.23,1.5560996322566978,1.3426506735179216,0.21344895873877623,-0.35950807837693,literal_reused_policy618_prediction
main,single_protein,EGFR,temporal_scaffold,67,1505,2006,180,2.444329452510972,1.8027108310981284,1.783953704318937,-0.6416186214128436,-0.35591876985728166,7.136298604187437,7.23,1.5634351449647574,1.3426506735179216,0.22078447144683588,-0.37235583490239965,literal_reused_policy618_prediction
main,single_protein,ERBB2,source_exact,42,81,427,12,0.4035385258904362,0.99620386481018,1.1563888888888894,0.5926653389197438,0.5949237499020065,6.820854800936768,6.98,0.6352468228101863,0.9981001276476124,-0.36285330483742606,0.5058834946342793,literal_reused_policy618_prediction
main,single_protein,ERBB2,source_exact,53,81,427,12,0.4195589721273548,0.99620386481018,1.1563888888888894,0.5766448926828251,0.5788422561407157,6.820854800936768,6.98,0.6477337200789803,0.9981001276476124,-0.350366407568632,0.4862671100734285,literal_reused_policy618_prediction
main,single_protein,ERBB2,source_exact,67,81,427,12,0.3861436327273572,0.99620386481018,1.1563888888888894,0.6100602320828228,0.612384928057939,6.820854800936768,6.98,0.6214045644564877,0.9981001276476124,-0.3766955631911246,0.5271828335313151,literal_reused_policy618_prediction
main,single_protein,ERBB2,source_scaffold,42,56,427,11,0.46436998900956433,1.1779855834782182,1.4112125000000009,0.713615594468654,0.6057931476220388,6.820854800936768,6.98,0.6814469818038409,1.085350442704207,-0.4039034609003662,0.38194953611380644,literal_reused_policy618_prediction
main,single_protein,ERBB2,source_scaffold,53,56,427,11,0.4801681642331252,1.1779855834782182,1.4112125000000009,0.697817419245093,0.5923819688732177,6.820854800936768,6.98,0.692941674481428,1.085350442704207,-0.39240876822277915,0.3609230491388352,literal_reused_policy618_prediction
main,single_protein,ERBB2,source_scaffold,67,56,427,11,0.4438429371907994,1.1779855834782182,1.4112125000000009,0.7341426462874188,0.623218701980824,6.820854800936768,6.98,0.6662153834840497,1.085350442704207,-0.41913505922015737,0.4092698931546709,literal_reused_policy618_prediction
main,single_protein,ERBB2,temporal_exact,42,208,195,39,2.098335075485077,1.9021887861604194,1.603041826923077,-0.1961462893246575,-0.1031161001219969,6.671282051282052,6.96,1.448563107180725,1.3791986028706742,0.06936450431005081,-0.4338877128420322,literal_reused_policy618_prediction
main,single_protein,ERBB2,temporal_exact,53,208,195,39,2.1167386536772224,1.9021887861604194,1.603041826923077,-0.21454986751680294,-0.11279104843734955,6.671282051282052,6.96,1.4549015958741753,1.3791986028706742,0.07570299300350114,-0.4464637141443717,literal_reused_policy618_prediction
main,single_protein,ERBB2,temporal_exact,67,208,195,39,2.0905486059802545,1.9021887861604194,1.603041826923077,-0.18835981981983507,-0.09902267387457409,6.671282051282052,6.96,1.4458729563762698,1.3791986028706742,0.06667435350559558,-0.42856686438468894,literal_reused_policy618_prediction
main,single_protein,ERBB2,temporal_scaffold,42,194,195,36,2.118075414650982,1.9555222357781428,1.6539886597938147,-0.16255317887283938,-0.08312520098149445,6.671282051282052,6.96,1.4553609224693997,1.398399884073988,0.05696103839541178,-0.40155790225557464,literal_reused_policy618_prediction
main,single_protein,ERBB2,temporal_scaffold,53,194,195,36,2.1420025947104557,1.9555222357781428,1.6539886597938147,-0.18648035893231296,-0.09536089926285518,6.671282051282052,6.96,1.4635581965574365,1.398399884073988,0.0651583124834485,-0.4173908268337456,literal_reused_policy618_prediction
main,single_protein,ERBB2,temporal_scaffold,67,194,195,36,2.113529570223774,1.9555222357781428,1.6539886597938147,-0.15800733444563142,-0.0808005818367783,6.671282051282052,6.96,1.4537983251551,1.398399884073988,0.05539844108111214,-0.39854985819099276,literal_reused_policy618_prediction
main,single_protein,KDR,source_exact,42,535,4352,60,0.9700417370824674,1.101881756203197,1.0997907009345793,0.13184001912072962,0.1196498792892412,6.85474609375,6.9,0.9849069687450015,1.0497055569078393,-0.06479858816283779,0.1179758688288286,new_matching_RF_policy631
main,single_protein,KDR,source_exact,53,535,4352,60,0.9797420791848742,1.101881756203197,1.0997907009345793,0.12213967701832285,0.11084644639111274,6.85474609375,6.9,0.9898192154049518,1.0497055569078393,-0.05988634150288752,0.10915569595598751,new_matching_RF_policy631
main,single_protein,KDR,source_exact,67,535,4352,60,0.9836469247783292,1.101881756203197,1.0997907009345793,0.1182348314248679,0.10730264909029341,6.85474609375,6.9,0.9917897583552319,1.0497055569078393,-0.05791579855260742,0.10560516002514864,new_matching_RF_policy631
main,single_protein,KDR,source_scaffold,42,387,4352,55,1.0388831754523091,1.0563565022106318,1.0559445090439277,0.017473326758322694,0.01654112671409358,6.85474609375,6.9,1.0192561873505155,1.0277920520273698,-0.008535864676854299,0.015852925377598526,new_matching_RF_policy631
main,single_protein,KDR,source_scaffold,53,387,4352,55,1.044799529242202,1.0563565022106318,1.0559445090439277,0.011556972968429724,0.010940409742586477,6.85474609375,6.9,1.0221543568572224,1.0277920520273698,-0.005637695170147339,0.010248289156380208,new_matching_RF_policy631
main,single_protein,KDR,source_scaffold,67,387,4352,55,1.0561673810698804,1.0563565022106318,1.0559445090439277,0.00018912114075142483,0.0001790315488716665,6.85474609375,6.9,1.0277000443076183,1.0277920520273698,-9.20077197514857e-05,-0.0005206195961169335,new_matching_RF_policy631
main,single_protein,KDR,temporal_exact,42,1680,1972,209,1.2536017895724436,1.4466627517411366,1.5506740178571432,0.19306096216869295,0.13345263914228367,6.993547160243407,7.15,1.119643599353135,1.2027729427207516,-0.08312934336761657,0.0929444443900389,new_matching_RF_policy631
main,single_protein,KDR,temporal_exact,53,1680,1972,209,1.241344553979406,1.4466627517411366,1.5506740178571432,0.20531819776173066,0.14192540556851907,6.993547160243407,7.15,1.1141564315568107,1.2027729427207516,-0.08861651116394098,0.10181328434668646,new_matching_RF_policy631
main,single_protein,KDR,temporal_exact,67,1680,1972,209,1.2535077277273166,1.4466627517411366,1.5506740178571432,0.19315502401382,0.13351765902685164,6.993547160243407,7.15,1.1196015933033128,1.2027729427207516,-0.08317134941743887,0.09301250373703662,new_matching_RF_policy631
main,single_protein,KDR,temporal_scaffold,42,1457,1972,192,1.2215074017513952,1.3652642103367043,1.450124382292382,0.14375680858530915,0.10529596212725412,6.993547160243407,7.15,1.1052182597801192,1.1684452106695908,-0.06322695088947161,0.08020767770717807,new_matching_RF_policy631
main,single_protein,KDR,temporal_scaffold,53,1457,1972,192,1.2148486787379584,1.3652642103367043,1.450124382292382,0.15041553159874588,0.11017320344290726,6.993547160243407,7.15,1.1022017413967184,1.1684452106695908,-0.06624346927287239,0.08522168113871864,new_matching_RF_policy631
main,single_protein,KDR,temporal_scaffold,67,1457,1972,192,1.222632032492083,1.3652642103367043,1.450124382292382,0.14263217784462134,0.10447221626753489,6.993547160243407,7.15,1.1057269249195676,1.1684452106695908,-0.06271828575002325,0.0793608332924689,new_matching_RF_policy631
main,single_protein,MET,source_exact,42,760,2088,31,0.7005413190072393,0.9511978194552007,0.8958006578947371,0.2506565004479614,0.2635166895057909,7.409145114942529,7.51,0.8369834639986857,0.9752937093282211,-0.1383102453295354,0.1714769762321926,new_matching_RF_policy631
main,single_protein,MET,source_exact,53,760,2088,31,0.7014929266669476,0.9511978194552007,0.8958006578947371,0.24970489278825303,0.2625162586382628,7.409145114942529,7.51,0.8375517456652739,0.9752937093282211,-0.13774196366294722,0.17035151962560802,new_matching_RF_policy631
main,single_protein,MET,source_exact,67,760,2088,31,0.690656862974349,0.9511978194552007,0.8958006578947371,0.2605409564808516,0.2739082777019787,7.409145114942529,7.51,0.8310576772850059,0.9752937093282211,-0.14423603204321522,0.18316722087368753,new_matching_RF_policy631
main,single_protein,MET,source_scaffold,42,734,2088,30,0.701659566627396,0.9111237706198737,0.8592085831062671,0.20946420399247767,0.2298965417727724,7.409145114942529,7.51,0.8376512201551407,0.9545280355337258,-0.11687681537858507,0.14052439378227577,new_matching_RF_policy631
main,single_protein,MET,source_scaffold,53,734,2088,30,0.7012971092692876,0.9111237706198737,0.8592085831062671,0.20982666135058614,0.2302943552969019,7.409145114942529,7.51,0.8374348388198855,0.9545280355337258,-0.11709319671384033,0.14096837441391696,new_matching_RF_policy631
main,single_protein,MET,source_scaffold,67,734,2088,30,0.6906548094547251,0.9111237706198737,0.8592085831062671,0.22046896116514858,0.2419747659696715,7.409145114942529,7.51,0.8310564417984648,0.9545280355337258,-0.12347159373526095,0.15400432164490385,new_matching_RF_policy631
main,single_protein,MET,temporal_exact,42,771,1540,50,0.797203047445992,0.8938581741055773,0.8783942931258109,0.09665512665958531,0.10813250855629475,7.38263961038961,7.57,0.89286227798356,0.9454407300860151,-0.05257845210245515,0.08958422765196294,literal_reused_policy618_prediction
main,single_protein,MET,temporal_exact,53,771,1540,50,0.7572949066730171,0.8938581741055773,0.8783942931258109,0.1365632674325602,0.1527795699459925,7.38263961038961,7.57,0.8702269282624028,0.9454407300860151,-0.07521380182361237,0.1351598196184043,literal_reused_policy618_prediction
main,single_protein,MET,temporal_exact,67,771,1540,50,0.7868760284581018,0.8938581741055773,0.8783942931258109,0.10698214564747555,0.11968581677347778,7.38263961038961,7.57,0.8870603296608984,0.9454407300860151,-0.05838040042511672,0.10137781147986458,literal_reused_policy618_prediction
main,single_protein,MET,temporal_scaffold,42,700,1540,45,0.7781311467768907,0.8757802374873505,0.8644978571428572,0.0976490907104598,0.11149953667671131,7.38263961038961,7.57,0.8821174223293011,0.9358313082427572,-0.05371388591345605,0.09567640073203565,literal_reused_policy618_prediction
main,single_protein,MET,temporal_scaffold,53,700,1540,45,0.7354291227329253,0.8757802374873505,0.8644978571428572,0.1403511147544252,0.16025837161740286,7.38263961038961,7.57,0.857571642915579,0.9358313082427572,-0.07825966532717821,0.14530357250047055,literal_reused_policy618_prediction
main,single_protein,MET,temporal_scaffold,67,700,1540,45,0.7653730483088427,0.8757802374873505,0.8644978571428572,0.11040718917850778,0.1260672306277092,7.38263961038961,7.57,0.8748560157585034,0.9358313082427572,-0.06097529248425382,0.11050352797688345,literal_reused_policy618_prediction
paired_operational,revised,ALK,source_exact,42,239,2689,27,0.5649413229579575,1.1044486168160317,1.0627003138075315,0.5395072938580742,0.4884856440070494,7.33932502789141,7.55,0.7516257865174382,1.0509275031209486,-0.29930171660351046,0.46837116999095674,literal_reused_policy618_prediction
paired_operational,revised,ALK,source_exact,53,239,2689,27,0.5628565486285034,1.1044486168160317,1.0627003138075315,0.5415920681875283,0.4903732595083157,7.33932502789141,7.55,0.7502376614303653,1.0509275031209486,-0.3006898416905833,0.4703330129161609,literal_reused_policy618_prediction
paired_operational,revised,ALK,source_exact,67,239,2689,27,0.5619627105761817,1.1044486168160317,1.0627003138075315,0.5424859062398499,0.49118256655865045,7.33932502789141,7.55,0.7496417214751202,1.0509275031209486,-0.3012857816458284,0.4711741446561535,literal_reused_policy618_prediction
paired_operational,revised,ALK,source_scaffold,42,197,2689,26,0.6265173493614029,1.2090461811698578,1.1933225888324874,0.5825288318084549,0.4818085867032865,7.33932502789141,7.55,0.791528489292333,1.0995663605121146,-0.30803787121978166,0.47293720131652583,literal_reused_policy618_prediction
paired_operational,revised,ALK,source_scaffold,53,197,2689,26,0.6207334465437065,1.2090461811698578,1.1933225888324874,0.5883127346261513,0.48659244269470936,7.33932502789141,7.55,0.787866388763797,1.0995663605121146,-0.31169997174831765,0.4778029564460774,literal_reused_policy618_prediction
paired_operational,revised,ALK,source_scaffold,67,197,2689,26,0.6203495275264241,1.2090461811698578,1.1933225888324874,0.5886966536434337,0.48690998144820097,7.33932502789141,7.55,0.7876227063298925,1.0995663605121146,-0.31194365418222214,0.4781259314314037,literal_reused_policy618_prediction
paired_operational,revised,ALK,temporal_exact,42,689,2016,69,1.2382441720751367,1.3150091723675068,1.256347786647315,0.0767650002923701,0.058376018894350734,7.350369543650793,7.51,1.1127642032682112,1.1467384934532836,-0.033974290185072364,0.005863290810759203,literal_reused_policy618_prediction
paired_operational,revised,ALK,temporal_exact,53,689,2016,69,1.2471082207153672,1.3150091723675068,1.256347786647315,0.06790095165213961,0.05163534451238283,7.350369543650793,7.51,1.1167399969175311,1.1467384934532836,-0.029998496535752484,-0.001253299231836591,literal_reused_policy618_prediction
paired_operational,revised,ALK,temporal_exact,67,689,2016,69,1.2364364677263846,1.3150091723675068,1.256347786647315,0.0785727046411222,0.059750689418889835,7.350369543650793,7.51,1.1119516481063305,1.1467384934532836,-0.03478684534695309,0.00731462431426666,literal_reused_policy618_prediction
paired_operational,revised,ALK,temporal_scaffold,42,623,2016,63,1.2887335838982048,1.3199115206503211,1.2615221910112362,0.03117793675211633,0.023621232381360602,7.350369543650793,7.51,1.1352240236614994,1.1488740229678454,-0.013649999306345917,-0.03024675821620848,literal_reused_policy618_prediction
paired_operational,revised,ALK,temporal_scaffold,53,623,2016,63,1.301104254424548,1.3199115206503211,1.2615221910112362,0.018807266225773223,0.014248884058915445,7.350369543650793,7.51,1.1406595699088085,1.1488740229678454,-0.008214453059036897,-0.04013619026482074,literal_reused_policy618_prediction
paired_operational,revised,ALK,temporal_scaffold,67,623,2016,63,1.2873057052246568,1.3199115206503211,1.2615221910112362,0.03260581542566432,0.02470303116196715,7.350369543650793,7.51,1.1345949520532237,1.1488740229678454,-0.014279070914621661,-0.02910527529613205,literal_reused_policy618_prediction
paired_operational,revised,BRAF,source_exact,42,1413,4134,36,0.9691950642159357,1.6589790858950013,1.5074657997169152,0.6897840216790656,0.4157882564908494,7.228878809869375,7.35,0.9844770511372704,1.2880136202288395,-0.3035365690915691,0.18442140686148012,new_matching_RF_policy631
paired_operational,revised,BRAF,source_exact,53,1413,4134,36,0.9855328112462145,1.6589790858950013,1.5074657997169152,0.6734462746487868,0.40594018355901684,7.228878809869375,7.35,0.992740052202093,1.2880136202288395,-0.2952735680267464,0.17067317677862537,new_matching_RF_policy631
paired_operational,revised,BRAF,source_exact,67,1413,4134,36,0.9966656600239008,1.6589790858950013,1.5074657997169152,0.6623134258711005,0.39922952103630027,7.228878809869375,7.35,0.9983314379623136,1.2880136202288395,-0.28968218226652587,0.1613048736588869,new_matching_RF_policy631
paired_operational,revised,BRAF,source_scaffold,42,913,4134,34,1.0392754400100646,1.6315260125346205,1.5120122124863093,0.5922505725245559,0.36300406366459237,7.228878809869375,7.35,1.0194485960606667,1.2773120263015691,-0.2578634302409024,0.21545937671211746,new_matching_RF_policy631
paired_operational,revised,BRAF,source_scaffold,53,913,4134,34,1.055520634730542,1.6315260125346205,1.5120122124863093,0.5760053778040786,0.35304700837054903,7.228878809869375,7.35,1.0273853389700196,1.2773120263015691,-0.24992668733154955,0.2031960106199553,new_matching_RF_policy631
paired_operational,revised,BRAF,source_scaffold,67,913,4134,34,1.0635320718984684,1.6315260125346205,1.5120122124863093,0.567993940636152,0.34813661337446766,7.228878809869375,7.35,1.0312769132965542,1.2773120263015691,-0.2460351130050149,0.19714824150391042,new_matching_RF_policy631
paired_operational,revised,BRAF,temporal_exact,42,1895,3562,94,1.7291481243544637,1.6883050743675108,1.696598905013193,-0.040843049986952984,-0.024191747455508894,7.1479618192026955,7.14,1.3149707693916484,1.2993479419953344,0.015622827396313932,-0.21672355647742103,fixed_policy618_prediction_test_filtered
paired_operational,revised,BRAF,temporal_exact,53,1895,3562,94,1.7452682379528095,1.6883050743675108,1.696598905013193,-0.05696316358529874,-0.03373985214528763,7.1479618192026955,7.14,1.3210860070233161,1.2993479419953344,0.0217380650279817,-0.22806655345491933,fixed_policy618_prediction_test_filtered
paired_operational,revised,BRAF,temporal_exact,67,1895,3562,94,1.6946787642079901,1.6883050743675108,1.696598905013193,-0.0063736898404793685,-0.003775200310208726,7.1479618192026955,7.14,1.3017982809206616,1.2993479419953344,0.0024503389253272,-0.19246902219188922,fixed_policy618_prediction_test_filtered
paired_operational,revised,BRAF,temporal_scaffold,42,1449,3562,87,1.7041651663181965,1.6990304569633028,1.7049745859213252,-0.005134709354893685,-0.0030221408532433713,7.1479618192026955,7.14,1.305436772240692,1.3034686252316559,0.0019681470090362474,-0.09056692232803631,fixed_policy618_prediction_test_filtered
paired_operational,revised,BRAF,temporal_scaffold,53,1449,3562,87,1.7208529231524325,1.6990304569633028,1.7049745859213252,-0.021822466189129752,-0.012844070039882194,7.1479618192026955,7.14,1.3118128384615058,1.3034686252316559,0.008344213229849906,-0.10124611937475825,fixed_policy618_prediction_test_filtered
paired_operational,revised,BRAF,temporal_scaffold,67,1449,3562,87,1.6745271659685883,1.6990304569633028,1.7049745859213252,0.02450329099471449,0.014421925689613313,7.1479618192026955,7.14,1.2940352259380685,1.3034686252316559,-0.00943339929358733,-0.07160032010892126,fixed_policy618_prediction_test_filtered
paired_operational,revised,EGFR,source_exact,42,2666,10085,134,1.3281287231916714,1.5046052429202725,1.530240069392348,0.17647651972860112,0.11729091106055145,7.0504799206742685,7.09,1.1524446725078266,1.226623513112427,-0.07417884060460045,0.05929528982473986,literal_reused_policy618_prediction
paired_operational,revised,EGFR,source_exact,53,2666,10085,134,1.3256125839361108,1.5046052429202725,1.530240069392348,0.17899265898416172,0.11896320302377572,7.0504799206742685,7.09,1.1513525020323319,1.226623513112427,-0.07527101108009515,0.061077454465735426,literal_reused_policy618_prediction
paired_operational,revised,EGFR,source_exact,67,2666,10085,134,1.312539583097372,1.5046052429202725,1.530240069392348,0.19206565982290047,0.12765186132817286,7.0504799206742685,7.09,1.1456611990887062,1.226623513112427,-0.08096231402372078,0.07033697370538661,literal_reused_policy618_prediction
paired_operational,revised,EGFR,source_scaffold,42,1567,10085,110,1.4766526144470122,1.5603313630726428,1.597470453095086,0.08367874862563052,0.0536288320583701,7.0504799206742685,7.09,1.2151759602818895,1.249132244028887,-0.03395628374699755,-0.08759186051771217,literal_reused_policy618_prediction
paired_operational,revised,EGFR,source_scaffold,53,1567,10085,110,1.4664279477263191,1.5603313630726428,1.597470453095086,0.09390341534632363,0.06018171368510261,7.0504799206742685,7.09,1.2109615797895155,1.249132244028887,-0.03817066423937154,-0.08006113582787266,literal_reused_policy618_prediction
paired_operational,revised,EGFR,source_scaffold,67,1567,10085,110,1.4614773635317182,1.5603313630726428,1.597470453095086,0.09885399954092455,0.06335449115517289,7.0504799206742685,7.09,1.208915780164904,1.249132244028887,-0.04021646386398303,-0.07641490581942101,literal_reused_policy618_prediction
paired_operational,revised,EGFR,temporal_exact,42,3899,7660,236,2.7297516581737145,2.021068276786724,1.973142010771993,-0.7086833813869906,-0.35064791700838494,6.793461488250653,6.85,1.652196010821269,1.421642809142551,0.23055320167871796,-0.5026145769260757,literal_reused_policy618_prediction
paired_operational,revised,EGFR,temporal_exact,53,3899,7660,236,2.7514879414875115,2.021068276786724,1.973142010771993,-0.7304196647007877,-0.3614027656018006,6.793461488250653,6.85,1.6587609657474798,1.421642809142551,0.23711815660492874,-0.5145794954408089,literal_reused_policy618_prediction
paired_operational,revised,EGFR,temporal_exact,67,3899,7660,236,2.7046831784747467,2.021068276786724,1.973142010771993,-0.6836149016880229,-0.33824433817490585,6.793461488250653,6.85,1.6445921009401532,1.421642809142551,0.22294929179760214,-0.4888154231077222,literal_reused_policy618_prediction
paired_operational,revised,EGFR,temporal_scaffold,42,3166,7660,216,2.786117493103916,2.0569094193977135,2.0158348704990527,-0.7292080737062023,-0.3545163762824921,6.793461488250653,6.85,1.6691667062051998,1.4341929505466529,0.23497375565854695,-0.46358387761911635,literal_reused_policy618_prediction
paired_operational,revised,EGFR,temporal_scaffold,53,3166,7660,216,2.8078912443476587,2.0569094193977135,2.0158348704990527,-0.7509818249499451,-0.36510203991862755,6.793461488250653,6.85,1.675676354296276,1.4341929505466529,0.24148340374962318,-0.4750219132922382,literal_reused_policy618_prediction
paired_operational,revised,EGFR,temporal_scaffold,67,3166,7660,216,2.753717361994376,2.0569094193977135,2.0158348704990527,-0.6968079425966622,-0.3387645250808835,6.793461488250653,6.85,1.6594328434722436,1.4341929505466529,0.22523989292559077,-0.4465636659295371,literal_reused_policy618_prediction
paired_operational,revised,ERBB2,source_exact,42,502,1800,34,0.6354109077937531,1.072221923527987,1.1199703187250993,0.436811015734234,0.4073886255720012,6.881905555555556,7.05,0.7971266573097108,1.0354814935709797,-0.23835483626126897,0.40552471827833025,literal_reused_policy618_prediction
paired_operational,revised,ERBB2,source_exact,53,502,1800,34,0.6517007446559621,1.072221923527987,1.1199703187250993,0.420521178872025,0.3921960273749696,6.881905555555556,7.05,0.8072798428401158,1.0354814935709797,-0.22820165073086396,0.3902843356549256,literal_reused_policy618_prediction
paired_operational,revised,ERBB2,source_exact,67,502,1800,34,0.6428846804277496,1.072221923527987,1.1199703187250993,0.42933724310023746,0.400418265733242,6.881905555555556,7.05,0.8018008982457862,1.0354814935709797,-0.23368059532519359,0.3985324349580053,literal_reused_policy618_prediction
paired_operational,revised,ERBB2,source_scaffold,42,306,1800,29,0.6633156955596375,1.1857626594644153,1.2975856209150327,0.5224469639047777,0.44059994614837705,6.881905555555556,7.05,0.8144419534623922,1.0889272976027442,-0.274485344140352,0.4098480972888312,literal_reused_policy618_prediction
paired_operational,revised,ERBB2,source_scaffold,53,306,1800,29,0.6829772674303837,1.1857626594644153,1.2975856209150327,0.5027853920340316,0.42401857405522403,6.881905555555556,7.05,0.8264243870012451,1.0889272976027442,-0.2625029106014991,0.39235519891858606,literal_reused_policy618_prediction
paired_operational,revised,ERBB2,source_scaffold,67,306,1800,29,0.6711373014714435,1.1857626594644153,1.2975856209150327,0.5146253579929718,0.43400368015081325,6.881905555555556,7.05,0.8192297000667417,1.0889272976027442,-0.26969759753600253,0.4028892153537147,literal_reused_policy618_prediction
paired_operational,revised,ERBB2,temporal_exact,42,722,1534,70,2.2332033202897095,1.9214747133846837,1.6471316135734075,-0.3117286069050258,-0.16223404072589376,6.646192959582789,6.85,1.4943906183758346,1.386172685268572,0.10821793310726258,-0.6906325458363365,literal_reused_policy618_prediction
paired_operational,revised,ERBB2,temporal_exact,53,722,1534,70,2.255565793343385,1.9214747133846837,1.6471316135734075,-0.33409107995870135,-0.17387222305423888,6.646192959582789,6.85,1.5018541185292882,1.386172685268572,0.11568143326071612,-0.7075619155925248,literal_reused_policy618_prediction
paired_operational,revised,ERBB2,temporal_exact,67,722,1534,70,2.2098856206223005,1.9214747133846837,1.6471316135734075,-0.28841090723761686,-0.15009872637333865,6.646192959582789,6.85,1.4865684042862948,1.386172685268572,0.1003957190177227,-0.672980027772444,literal_reused_policy618_prediction
paired_operational,revised,ERBB2,temporal_scaffold,42,649,1534,64,2.3978378030519716,2.022359505891431,1.7332547380585521,-0.3754782971605404,-0.1856634767788401,6.646192959582789,6.85,1.548495335172816,1.4220968693768479,0.12639846579596803,-0.757466760709993,literal_reused_policy618_prediction
paired_operational,revised,ERBB2,temporal_scaffold,53,649,1534,64,2.4227029304720276,2.022359505891431,1.7332547380585521,-0.40034342458059635,-0.19795858422517698,6.646192959582789,6.85,1.5565034309220227,1.4220968693768479,0.13440656154517483,-0.7756913607583975,literal_reused_policy618_prediction
paired_operational,revised,ERBB2,temporal_scaffold,67,649,1534,64,2.372456529135291,2.022359505891431,1.7332547380585521,-0.3500970232438596,-0.17311314938020428,6.646192959582789,6.85,1.5402780687704707,1.4220968693768479,0.11818119939362282,-0.738863857212406,literal_reused_policy618_prediction
paired_operational,revised,KDR,source_exact,42,1459,8496,116,0.8385766067935326,1.168578654673327,1.1638043865661412,0.33000204787979437,0.2823960942295711,6.868265065913371,6.92,0.9157382850976215,1.0810081658680137,-0.16526988077039229,0.2791976931903498,new_matching_RF_policy631
paired_operational,revised,KDR,source_exact,53,1459,8496,116,0.83210046010135,1.168578654673327,1.1638043865661412,0.33647819457197703,0.2879379947822499,6.868265065913371,6.92,0.9121954067530432,1.0810081658680137,-0.1688127591149705,0.2847642943060332,new_matching_RF_policy631
paired_operational,revised,KDR,source_exact,67,1459,8496,116,0.8316651317761748,1.168578654673327,1.1638043865661412,0.33691352289715215,0.2883105228302629,6.868265065913371,6.92,0.911956759817139,1.0810081658680137,-0.16905140605087476,0.28513848273254516,new_matching_RF_policy631
paired_operational,revised,KDR,source_scaffold,42,1080,8496,107,0.890354648223011,1.1036531835420058,1.1119128703703702,0.2132985353189948,0.19326590862035642,6.868265065913371,6.92,0.9435860576667139,1.0505489915001611,-0.10696293383344724,0.19113197430093698,new_matching_RF_policy631
paired_operational,revised,KDR,source_scaffold,53,1080,8496,107,0.887292656810466,1.1036531835420058,1.1119128703703702,0.21636052673153983,0.19604032313590025,6.868265065913371,6.92,0.9419621313038364,1.0505489915001611,-0.10858686019632469,0.1939137275646684,new_matching_RF_policy631
paired_operational,revised,KDR,source_scaffold,67,1080,8496,107,0.8801186672101087,1.1036531835420058,1.1119128703703702,0.22353451633189714,0.20254054413588274,6.868265065913371,6.92,0.9381463996680415,1.0505489915001611,-0.11240259183211965,0.200431142637424,new_matching_RF_policy631
paired_operational,revised,KDR,temporal_exact,42,2515,5485,278,1.327460553350717,1.4530405178122092,1.4514001590457257,0.1255799644614921,0.08642564534303099,6.868125797629899,7.0,1.1521547436654145,1.2054213030356686,-0.05326655937025415,0.08314033679870547,literal_reused_policy618_prediction
paired_operational,revised,KDR,temporal_exact,53,2515,5485,278,1.3230612677800033,1.4530405178122092,1.4514001590457257,0.1299792500322059,0.08945328670387731,6.868125797629899,7.0,1.150244003583589,1.2054213030356686,-0.05517729945207961,0.08617886587326795,literal_reused_policy618_prediction
paired_operational,revised,KDR,temporal_exact,67,2515,5485,278,1.3149120922180504,1.4530405178122092,1.4514001590457257,0.13812842559415883,0.0950616475596523,6.868125797629899,7.0,1.1466961638629696,1.2054213030356686,-0.05872513917269906,0.09180739497889057,literal_reused_policy618_prediction
paired_operational,revised,KDR,temporal_scaffold,42,2224,5485,259,1.3435794244946817,1.432158288640292,1.4167604204136692,0.08857886414561023,0.06184991201615575,6.868125797629899,7.0,1.1591287350828128,1.1967281598760398,-0.037599424793226977,0.051615534767529336,literal_reused_policy618_prediction
paired_operational,revised,KDR,temporal_scaffold,53,2224,5485,259,1.3418754249480853,1.432158288640292,1.4167604204136692,0.09028286369220662,0.06303972431561478,6.868125797629899,7.0,1.15839346724163,1.1967281598760398,-0.038334692634409695,0.05281832685357435,literal_reused_policy618_prediction
paired_operational,revised,KDR,temporal_scaffold,67,2224,5485,259,1.3306184320125922,1.432158288640292,1.4167604204136692,0.10153985662769971,0.07089988406526126,6.868125797629899,7.0,1.1535243525875785,1.1967281598760398,-0.04320380728846129,0.060764233906496434,literal_reused_policy618_prediction
paired_operational,revised,MET,source_exact,42,1993,3275,49,0.6759016681850551,0.9600905544852207,0.8759640240842955,0.2841888863001656,0.29600216872515883,7.251094656488549,7.35,0.8221323909110109,0.9798421069158136,-0.15770971600480277,0.08004511881650511,new_matching_RF_policy631
paired_operational,revised,MET,source_exact,53,1993,3275,49,0.6837148442635483,0.9600905544852207,0.8759640240842955,0.2763757102216724,0.28786421127729866,7.251094656488549,7.35,0.8268705123920845,0.9798421069158136,-0.1529715945237291,0.0694107768562956,new_matching_RF_policy631
paired_operational,revised,MET,source_exact,67,1993,3275,49,0.6608962657076053,0.9600905544852207,0.8759640240842955,0.29919428877761545,0.3116313220454885,7.251094656488549,7.35,0.8129552667321894,0.9798421069158136,-0.1668868401836242,0.10046864179777026,new_matching_RF_policy631
paired_operational,revised,MET,source_scaffold,42,1893,3275,48,0.6793198466805627,0.958883674390143,0.873281814580032,0.2795638277095803,0.29155134786019266,7.251094656488549,7.35,0.8242086184216728,0.979226058880248,-0.15501744045857524,0.064771456832729,new_matching_RF_policy631
paired_operational,revised,MET,source_scaffold,53,1893,3275,48,0.6876961176481375,0.958883674390143,0.873281814580032,0.27118755674200545,0.2828159076902448,7.251094656488549,7.35,0.8292744525476096,0.979226058880248,-0.1499516063326385,0.05323973472500876,new_matching_RF_policy631
paired_operational,revised,MET,source_scaffold,67,1893,3275,48,0.663757639448324,0.958883674390143,0.873281814580032,0.295126034941819,0.30778085269782207,7.251094656488549,7.35,0.8147132252813404,0.979226058880248,-0.16451283359890767,0.08619615164974592,new_matching_RF_policy631
paired_operational,revised,MET,temporal_exact,42,1839,2835,61,0.7582035800183522,0.9865447161796187,0.8630660005437738,0.2283411361612665,0.2314554347272919,7.180961199294533,7.33,0.8707488616233455,0.9932495739639754,-0.12250071234062987,-0.014117076595785427,literal_reused_policy618_prediction
paired_operational,revised,MET,temporal_exact,53,1839,2835,61,0.7879074365793973,0.9865447161796187,0.8630660005437738,0.19863727960022137,0.20134645327526723,7.180961199294533,7.33,0.8876415022853524,0.9932495739639754,-0.10560807167862296,-0.053846759985803905,literal_reused_policy618_prediction
paired_operational,revised,MET,temporal_exact,67,1839,2835,61,0.792689857232169,0.9865447161796187,0.8630660005437738,0.1938548589474497,0.19649880615462623,7.180961199294533,7.33,0.8903313187977658,0.9932495739639754,-0.10291825516620956,-0.060243372425068165,literal_reused_policy618_prediction
paired_operational,revised,MET,temporal_scaffold,42,1764,2835,55,0.7349397882944397,0.9753488759640964,0.85055554138322,0.24040908766965663,0.2464852255373967,7.180961199294533,7.33,0.8572862930750962,0.987597527317731,-0.1303112342426348,-0.003848239666290665,literal_reused_policy618_prediction
paired_operational,revised,MET,temporal_scaffold,53,1764,2835,55,0.7676460015382053,0.9753488759640964,0.85055554138322,0.20770287442589108,0.21295239021071766,7.180961199294533,7.33,0.8761540969134398,0.987597527317731,-0.11144343040429117,-0.04852138856070165,literal_reused_policy618_prediction
paired_operational,revised,MET,temporal_scaffold,67,1764,2835,55,0.7719157187507895,0.9753488759640964,0.85055554138322,0.2034331572133069,0.20857475948000737,7.180961199294533,7.33,0.8785873426989428,0.987597527317731,-0.1090101846187882,-0.05435336034395788,literal_reused_policy618_prediction
paired_operational,single_protein,ALK,source_exact,42,153,978,21,0.6531848701959538,0.9407332252967179,1.0214511437908498,0.28754835510076404,0.3056640792187052,7.725316973415133,7.96,0.8081985338986664,0.9699140298483767,-0.16171549594971035,0.30345426038571044,literal_reused_policy618_prediction
paired_operational,single_protein,ALK,source_exact,53,153,978,21,0.6503495370164442,0.9407332252967179,1.0214511437908498,0.2903836882802737,0.3086780401411712,7.725316973415133,7.96,0.8064425193505388,0.9699140298483767,-0.16347151049783792,0.3064778136501668,literal_reused_policy618_prediction
paired_operational,single_protein,ALK,source_exact,67,153,978,21,0.6550005697895568,0.9407332252967179,1.0214511437908498,0.2857326555071611,0.3037339894283395,7.725316973415133,7.96,0.8093210548290195,0.9699140298483767,-0.1605929750193572,0.3015180278211623,literal_reused_policy618_prediction
paired_operational,single_protein,ALK,source_scaffold,42,119,978,20,0.7553319060891593,1.0886959151170224,1.197128781512605,0.333364009027863,0.30620488641406374,7.725316973415133,7.96,0.8690983293558672,1.0434059205874875,-0.17430759123162032,0.29787065007421165,literal_reused_policy618_prediction
paired_operational,single_protein,ALK,source_scaffold,53,119,978,20,0.753476793321452,1.0886959151170224,1.197128781512605,0.33521912179557034,0.3079088633849959,7.725316973415133,7.96,0.8680304103667406,1.0434059205874875,-0.17537551022074693,0.2995950961238608,literal_reused_policy618_prediction
paired_operational,single_protein,ALK,source_scaffold,67,119,978,20,0.7547268549399702,1.0886959151170224,1.197128781512605,0.3339690601770522,0.30676064412453896,7.725316973415133,7.96,0.8687501683107579,1.0434059205874875,-0.17465575227672958,0.29843308384223777,literal_reused_policy618_prediction
paired_operational,single_protein,ALK,temporal_exact,42,351,738,51,1.156337428243383,1.0047004481026327,0.996138247863248,-0.15163698014075022,-0.1509275530105667,7.651449864498645,7.8,1.0753313109192826,1.0023474687465583,0.07298384217272424,-0.16323305701795365,literal_reused_policy618_prediction
paired_operational,single_protein,ALK,temporal_exact,53,351,738,51,1.1201735598983673,1.0047004481026327,0.996138247863248,-0.1154731117957346,-0.11493287577785449,7.651449864498645,7.8,1.0583825205937443,1.0023474687465583,0.056035051847185935,-0.12685353136991484,literal_reused_policy618_prediction
paired_operational,single_protein,ALK,temporal_exact,67,351,738,51,1.1364934385604888,1.0047004481026327,0.996138247863248,-0.13179299045785609,-0.13117640258521424,7.651449864498645,7.8,1.0660644626665354,1.0023474687465583,0.0637169939199771,-0.14327073095424425,literal_reused_policy618_prediction
paired_operational,single_protein,ALK,temporal_scaffold,42,319,738,48,1.1776679008441835,1.0473710725091507,1.0421753134796239,-0.13029682833503275,-0.12440369201994961,7.651449864498645,7.8,1.0852040825781035,1.023411487383814,0.06179259519428948,-0.13351677741519374,literal_reused_policy618_prediction
paired_operational,single_protein,ALK,temporal_scaffold,53,319,738,48,1.1407502673524303,1.0473710725091507,1.0421753134796239,-0.09337919484327961,-0.08915578947542846,7.651449864498645,7.8,1.0680591122931493,1.023411487383814,0.04464762490933527,-0.09798319709482461,literal_reused_policy618_prediction
paired_operational,single_protein,ALK,temporal_scaffold,67,319,738,48,1.1560839035369392,1.0473710725091507,1.0421753134796239,-0.1087128310277885,-0.10379590756440216,7.651449864498645,7.8,1.0752134223199314,1.023411487383814,0.0518019349361174,-0.11274197065183711,literal_reused_policy618_prediction
paired_operational,single_protein,BRAF,source_exact,42,222,814,17,1.702892573920222,2.0611482907634024,1.9073085585585585,0.35825571684318036,0.17381365448018815,6.881228501228501,7.0,1.3049492610520235,1.435669979752799,-0.1307207187007755,-0.09070395418954558,new_matching_RF_policy631
paired_operational,single_protein,BRAF,source_exact,53,222,814,17,1.6422756101357727,2.0611482907634024,1.9073085585585585,0.4188726806276297,0.20322297163417036,6.881228501228501,7.0,1.2815130159837522,1.435669979752799,-0.15415696376904675,-0.05187874401292247,new_matching_RF_policy631
paired_operational,single_protein,BRAF,source_exact,67,222,814,17,1.627583230431566,2.0611482907634024,1.9073085585585585,0.4335650603318364,0.21035122134334827,6.881228501228501,7.0,1.275767702378284,1.435669979752799,-0.1599022773745149,-0.042468263936107586,new_matching_RF_policy631
paired_operational,single_protein,BRAF,source_scaffold,42,177,814,17,1.3756306553255802,1.657367547055883,1.5503909604519777,0.2817368917303029,0.16999059275100148,6.881228501228501,7.0,1.1728728214625745,1.287387877469678,-0.11451505600710354,0.01567770241591182,new_matching_RF_policy631
paired_operational,single_protein,BRAF,source_scaffold,53,177,814,17,1.3326608695835007,1.657367547055883,1.5503909604519777,0.32470667747238235,0.1959171205259722,6.881228501228501,7.0,1.1544093163100775,1.287387877469678,-0.1329785611596006,0.046424413435032896,new_matching_RF_policy631
paired_operational,single_protein,BRAF,source_scaffold,67,177,814,17,1.32794904537057,1.657367547055883,1.5503909604519777,0.32941850168531306,0.19876007725050848,6.881228501228501,7.0,1.1523667147963663,1.287387877469678,-0.13502116267331177,0.04979592425236523,new_matching_RF_policy631
paired_operational,single_protein,BRAF,temporal_exact,42,522,459,67,1.229559534563279,1.2512628090654787,1.2965666666666666,0.021703274502199665,0.017345096765410184,6.7502941176470594,6.66,1.1088550557053338,1.1185985915713816,-0.009743535866047814,-0.01705453847975602,fixed_policy618_prediction_test_filtered
paired_operational,single_protein,BRAF,temporal_exact,53,522,459,67,1.215936780388532,1.2512628090654787,1.2965666666666666,0.035326028676946786,0.028232301336703625,6.7502941176470594,6.66,1.1026952345904701,1.1185985915713816,-0.0159033569809115,-0.005786207365604978,fixed_policy618_prediction_test_filtered
paired_operational,single_protein,BRAF,temporal_exact,67,522,459,67,1.2030678176703422,1.2512628090654787,1.2965666666666666,0.0481949913951365,0.038517081340515125,6.7502941176470594,6.66,1.0968444819892846,1.1185985915713816,-0.021754109582097003,0.00485861020535594,fixed_policy618_prediction_test_filtered
paired_operational,single_protein,BRAF,temporal_scaffold,42,483,459,63,1.1838667493617292,1.2170424199603114,1.2518080745341615,0.033175670598582174,0.0272592557617376,6.7502941176470594,6.66,1.0880564090899558,1.1031964557413658,-0.01514004665141,0.009586369804824746,fixed_policy618_prediction_test_filtered
paired_operational,single_protein,BRAF,temporal_scaffold,53,483,459,63,1.1730262576131878,1.2170424199603114,1.2518080745341615,0.04401616234712358,0.036166498081931286,6.7502941176470594,6.66,1.0830633673119905,1.1031964557413658,-0.020133088429375334,0.018655440113254484,fixed_policy618_prediction_test_filtered
paired_operational,single_protein,BRAF,temporal_scaffold,67,483,459,63,1.1540758540989322,1.2170424199603114,1.2518080745341615,0.06296656586137916,0.05173736332331991,6.7502941176470594,6.66,1.0742792253873907,1.1031964557413658,-0.028917230353975087,0.03450919894915072,fixed_policy618_prediction_test_filtered
paired_operational,single_protein,EGFR,source_exact,42,1002,3336,72,0.9591560935270197,1.0817988000561378,1.0754535179640718,0.12264270652911813,0.11336923882958072,7.2839583333333335,7.26,0.9793651482092978,1.0400955725586654,-0.060730424349367595,0.09594321479365964,literal_reused_policy618_prediction
paired_operational,single_protein,EGFR,source_exact,53,1002,3336,72,0.9639107530975596,1.0817988000561378,1.0754535179640718,0.11788804695857824,0.10897409661802238,7.2839583333333335,7.26,0.9817895666065919,1.0400955725586654,-0.05830600595207347,0.09146168954964384,literal_reused_policy618_prediction
paired_operational,single_protein,EGFR,source_exact,67,1002,3336,72,0.9478382462680089,1.0817988000561378,1.0754535179640718,0.13396055378812888,0.1238313018845808,7.2839583333333335,7.26,0.9735698466304351,1.0400955725586654,-0.06652572592823025,0.10661090139596485,literal_reused_policy618_prediction
paired_operational,single_protein,EGFR,source_scaffold,42,524,3336,59,1.1013750426830113,1.2354898732373836,1.2173988549618322,0.13411483055437223,0.10855194644610722,7.2839583333333335,7.26,1.0494641693183295,1.1115259210820878,-0.06206175176375828,-0.016257774927822988,literal_reused_policy618_prediction
paired_operational,single_protein,EGFR,source_scaffold,53,524,3336,59,1.098570713469208,1.2354898732373836,1.2173988549618322,0.1369191597681756,0.11082175802008243,7.2839583333333335,7.26,1.0481272410681863,1.1115259210820878,-0.06339868001390148,-0.013670171925632024,literal_reused_policy618_prediction
paired_operational,single_protein,EGFR,source_scaffold,67,524,3336,59,1.0901309607357674,1.2354898732373836,1.2173988549618322,0.14535891250161614,0.11765285628827427,7.2839583333333335,7.26,1.0440933678248165,1.1115259210820878,-0.06743255325727127,-0.005882666306353368,literal_reused_policy618_prediction
paired_operational,single_protein,EGFR,temporal_exact,42,1885,2006,194,2.370696677066617,1.7771054568650728,1.7411361936339522,-0.5935912202015443,-0.33402138174100093,7.136298604187437,7.23,1.5397066854003776,1.3330811891498104,0.20662549625056714,-0.3782426518375088,literal_reused_policy618_prediction
paired_operational,single_protein,EGFR,temporal_exact,53,1885,2006,194,2.3627443231165013,1.7771054568650728,1.7411361936339522,-0.5856388662514285,-0.32954649032732863,7.136298604187437,7.23,1.5371220911549288,1.3330811891498104,0.20404090200511837,-0.37361942293497385,literal_reused_policy618_prediction
paired_operational,single_protein,EGFR,temporal_exact,67,1885,2006,194,2.3861409647520793,1.7771054568650728,1.7411361936339522,-0.6090355078870064,-0.3427120802168848,7.136298604187437,7.23,1.544713877956717,1.3330811891498104,0.21163268880690667,-0.38722143694370437,literal_reused_policy618_prediction
paired_operational,single_protein,EGFR,temporal_scaffold,42,1505,2006,180,2.4178294602176607,1.8027108310981284,1.783953704318937,-0.6151186291195323,-0.3412186904900496,7.136298604187437,7.23,1.5549371242007377,1.3426506735179216,0.21228645068281615,-0.35747755447615215,literal_reused_policy618_prediction
paired_operational,single_protein,EGFR,temporal_scaffold,53,1505,2006,180,2.4214460655094303,1.8027108310981284,1.783953704318937,-0.618735234411302,-0.3432248942745837,7.136298604187437,7.23,1.5560996322566978,1.3426506735179216,0.21344895873877623,-0.35950807837693,literal_reused_policy618_prediction
paired_operational,single_protein,EGFR,temporal_scaffold,67,1505,2006,180,2.444329452510972,1.8027108310981284,1.783953704318937,-0.6416186214128436,-0.35591876985728166,7.136298604187437,7.23,1.5634351449647574,1.3426506735179216,0.22078447144683588,-0.37235583490239965,literal_reused_policy618_prediction
paired_operational,single_protein,ERBB2,source_exact,42,81,427,12,0.40353852589043593,0.99620386481018,1.1563888888888894,0.592665338919744,0.5949237499020068,6.820854800936768,6.98,0.6352468228101861,0.9981001276476124,-0.3628533048374263,0.5058834946342796,literal_reused_policy618_prediction
paired_operational,single_protein,ERBB2,source_exact,53,81,427,12,0.4195589721273545,0.99620386481018,1.1563888888888894,0.5766448926828255,0.578842256140716,6.820854800936768,6.98,0.64773372007898,0.9981001276476124,-0.35036640756863235,0.48626711007342893,literal_reused_policy618_prediction
paired_operational,single_protein,ERBB2,source_exact,67,81,427,12,0.38614363272735686,0.99620386481018,1.1563888888888894,0.6100602320828231,0.6123849280579392,6.820854800936768,6.98,0.6214045644564874,0.9981001276476124,-0.37669556319112496,0.5271828335313156,literal_reused_policy618_prediction
paired_operational,single_protein,ERBB2,source_scaffold,42,56,427,11,0.46436998900956483,1.1779855834782182,1.4112125000000009,0.7136155944686534,0.6057931476220385,6.820854800936768,6.98,0.6814469818038413,1.085350442704207,-0.4039034609003658,0.3819495361138058,literal_reused_policy618_prediction
paired_operational,single_protein,ERBB2,source_scaffold,53,56,427,11,0.4801681642331256,1.1779855834782182,1.4112125000000009,0.6978174192450927,0.5923819688732174,6.820854800936768,6.98,0.6929416744814282,1.085350442704207,-0.3924087682227789,0.36092304913883466,literal_reused_policy618_prediction
paired_operational,single_protein,ERBB2,source_scaffold,67,56,427,11,0.4438429371907993,1.1779855834782182,1.4112125000000009,0.734142646287419,0.6232187019808242,6.820854800936768,6.98,0.6662153834840496,1.085350442704207,-0.4191350592201575,0.409269893154671,literal_reused_policy618_prediction
paired_operational,single_protein,ERBB2,temporal_exact,42,208,195,39,2.098335075485077,1.9021887861604194,1.603041826923077,-0.1961462893246575,-0.1031161001219969,6.671282051282052,6.96,1.448563107180725,1.3791986028706742,0.06936450431005081,-0.4338877128420322,literal_reused_policy618_prediction
paired_operational,single_protein,ERBB2,temporal_exact,53,208,195,39,2.1167386536772224,1.9021887861604194,1.603041826923077,-0.21454986751680294,-0.11279104843734955,6.671282051282052,6.96,1.4549015958741753,1.3791986028706742,0.07570299300350114,-0.4464637141443717,literal_reused_policy618_prediction
paired_operational,single_protein,ERBB2,temporal_exact,67,208,195,39,2.0905486059802545,1.9021887861604194,1.603041826923077,-0.18835981981983507,-0.09902267387457409,6.671282051282052,6.96,1.4458729563762698,1.3791986028706742,0.06667435350559558,-0.42856686438468894,literal_reused_policy618_prediction
paired_operational,single_protein,ERBB2,temporal_scaffold,42,194,195,36,2.118075414650982,1.9555222357781428,1.6539886597938147,-0.16255317887283938,-0.08312520098149445,6.671282051282052,6.96,1.4553609224693997,1.398399884073988,0.05696103839541178,-0.40155790225557464,literal_reused_policy618_prediction
paired_operational,single_protein,ERBB2,temporal_scaffold,53,194,195,36,2.1420025947104557,1.9555222357781428,1.6539886597938147,-0.18648035893231296,-0.09536089926285518,6.671282051282052,6.96,1.4635581965574365,1.398399884073988,0.0651583124834485,-0.4173908268337456,literal_reused_policy618_prediction
paired_operational,single_protein,ERBB2,temporal_scaffold,67,194,195,36,2.113529570223774,1.9555222357781428,1.6539886597938147,-0.15800733444563142,-0.0808005818367783,6.671282051282052,6.96,1.4537983251551,1.398399884073988,0.05539844108111214,-0.39854985819099276,literal_reused_policy618_prediction
paired_operational,single_protein,KDR,source_exact,42,535,4375,60,0.9738270633508967,1.1012292718883447,1.0997907009345793,0.127402208537448,0.11569090269366311,6.862545142857143,6.9,0.9868267646101299,1.049394716914634,-0.06256795230450418,0.11453400753000198,new_matching_RF_policy631
paired_operational,single_protein,KDR,source_exact,53,535,4375,60,0.9852135272390217,1.1012292718883447,1.0997907009345793,0.11601574464932307,0.10535112679159342,6.862545142857143,6.9,0.992579229703615,1.049394716914634,-0.05681548721101903,0.10418070464198248,new_matching_RF_policy631
paired_operational,single_protein,KDR,source_exact,67,535,4375,60,0.9738520519837175,1.1012292718883447,1.0997907009345793,0.12737721990462725,0.11566821111302805,6.862545142857143,6.9,0.9868394256330244,1.049394716914634,-0.06255529128160964,0.11451128626316331,new_matching_RF_policy631
paired_operational,single_protein,KDR,source_scaffold,42,387,4375,55,1.0491356539274141,1.0559933871209342,1.0559445090439277,0.00685773319352001,0.006494106191533011,6.862545142857143,6.9,1.0242732320662364,1.0276153887135664,-0.0033421566473299524,0.006140623804795853,new_matching_RF_policy631
paired_operational,single_protein,KDR,source_scaffold,53,387,4375,55,1.0555445492849456,1.0559933871209342,1.0559445090439277,0.0004488378359885914,0.0004250384912090066,6.862545142857143,6.9,1.0273969774556209,1.0276153887135664,-0.00021841125794552774,6.93967730079903e-05,new_matching_RF_policy631
paired_operational,single_protein,KDR,source_scaffold,67,387,4375,55,1.0463689375072054,1.0559933871209342,1.0559445090439277,0.00962444961372877,0.00911411920861449,6.862545142857143,6.9,1.0229217650960436,1.0276153887135664,-0.004693623617522791,0.008761569004021696,new_matching_RF_policy631
paired_operational,single_protein,KDR,temporal_exact,42,1680,1980,209,1.287264983351357,1.4487412894593485,1.5506740178571432,0.16147630610799157,0.11145972526830683,6.9976035353535355,7.15,1.13457700635583,1.2036366933004945,-0.06905968694466447,0.06858711880967883,literal_reused_policy618_prediction
paired_operational,single_protein,KDR,temporal_exact,53,1680,1980,209,1.2951656191018022,1.4487412894593485,1.5506740178571432,0.15357567035754638,0.1060062769487704,6.9976035353535355,7.15,1.138053434203246,1.2036366933004945,-0.06558325909724849,0.06287053830548528,literal_reused_policy618_prediction
paired_operational,single_protein,KDR,temporal_exact,67,1680,1980,209,1.2702746001995326,1.4487412894593485,1.5506740178571432,0.1784666892598159,0.12318741141589007,6.9976035353535355,7.15,1.127064594510684,1.2036366933004945,-0.07657209878981042,0.08088067291752699,literal_reused_policy618_prediction
paired_operational,single_protein,KDR,temporal_scaffold,42,1457,1980,192,1.252080534259994,1.3668462149027882,1.450124382292382,0.11476568064279413,0.08396385737583245,6.9976035353535355,7.15,1.118964045114942,1.169121984611866,-0.05015793949692382,0.05718617778869162,literal_reused_policy618_prediction
paired_operational,single_protein,KDR,temporal_scaffold,53,1457,1980,192,1.2573927933801126,1.3668462149027882,1.450124382292382,0.10945342152267568,0.0800773491043103,6.9976035353535355,7.15,1.1213352725122459,1.169121984611866,-0.04778671209962004,0.05318605863615178,literal_reused_policy618_prediction
paired_operational,single_protein,KDR,temporal_scaffold,67,1457,1980,192,1.2385108388419774,1.3668462149027882,1.450124382292382,0.1283353760608108,0.09389159852920115,6.9976035353535355,7.15,1.112884018594021,1.169121984611866,-0.05623796601784492,0.06740412787515704,literal_reused_policy618_prediction
paired_operational,single_protein,MET,source_exact,42,760,2088,31,0.7005413190072396,0.9511978194552007,0.8958006578947371,0.25065650044796106,0.26351668950579044,7.409145114942529,7.51,0.836983463998686,0.9752937093282211,-0.13831024532953518,0.17147697623219227,new_matching_RF_policy631
paired_operational,single_protein,MET,source_exact,53,760,2088,31,0.7014929266669476,0.9511978194552007,0.8958006578947371,0.24970489278825303,0.2625162586382628,7.409145114942529,7.51,0.8375517456652739,0.9752937093282211,-0.13774196366294722,0.17035151962560802,new_matching_RF_policy631
paired_operational,single_protein,MET,source_exact,67,760,2088,31,0.690656862974349,0.9511978194552007,0.8958006578947371,0.2605409564808516,0.2739082777019787,7.409145114942529,7.51,0.8310576772850059,0.9752937093282211,-0.14423603204321522,0.18316722087368753,new_matching_RF_policy631
paired_operational,single_protein,MET,source_scaffold,42,734,2088,30,0.701659566627396,0.9111237706198737,0.8592085831062671,0.20946420399247767,0.2298965417727724,7.409145114942529,7.51,0.8376512201551407,0.9545280355337258,-0.11687681537858507,0.14052439378227577,new_matching_RF_policy631
paired_operational,single_protein,MET,source_scaffold,53,734,2088,30,0.7012971092692876,0.9111237706198737,0.8592085831062671,0.20982666135058614,0.2302943552969019,7.409145114942529,7.51,0.8374348388198855,0.9545280355337258,-0.11709319671384033,0.14096837441391696,new_matching_RF_policy631
paired_operational,single_protein,MET,source_scaffold,67,734,2088,30,0.690654809454725,0.9111237706198737,0.8592085831062671,0.2204689611651487,0.2419747659696716,7.409145114942529,7.51,0.8310564417984647,0.9545280355337258,-0.12347159373526106,0.15400432164490396,new_matching_RF_policy631
paired_operational,single_protein,MET,temporal_exact,42,771,1540,50,0.797203047445992,0.8938581741055773,0.8783942931258109,0.09665512665958531,0.10813250855629475,7.38263961038961,7.57,0.89286227798356,0.9454407300860151,-0.05257845210245515,0.08958422765196294,literal_reused_policy618_prediction
paired_operational,single_protein,MET,temporal_exact,53,771,1540,50,0.7572949066730171,0.8938581741055773,0.8783942931258109,0.1365632674325602,0.1527795699459925,7.38263961038961,7.57,0.8702269282624028,0.9454407300860151,-0.07521380182361237,0.1351598196184043,literal_reused_policy618_prediction
paired_operational,single_protein,MET,temporal_exact,67,771,1540,50,0.7868760284581018,0.8938581741055773,0.8783942931258109,0.10698214564747555,0.11968581677347778,7.38263961038961,7.57,0.8870603296608984,0.9454407300860151,-0.05838040042511672,0.10137781147986458,literal_reused_policy618_prediction
paired_operational,single_protein,MET,temporal_scaffold,42,700,1540,45,0.7781311467768907,0.8757802374873505,0.8644978571428572,0.0976490907104598,0.11149953667671131,7.38263961038961,7.57,0.8821174223293011,0.9358313082427572,-0.05371388591345605,0.09567640073203565,literal_reused_policy618_prediction
paired_operational,single_protein,MET,temporal_scaffold,53,700,1540,45,0.7354291227329253,0.8757802374873505,0.8644978571428572,0.1403511147544252,0.16025837161740286,7.38263961038961,7.57,0.857571642915579,0.9358313082427572,-0.07825966532717821,0.14530357250047055,literal_reused_policy618_prediction
paired_operational,single_protein,MET,temporal_scaffold,67,700,1540,45,0.7653730483088428,0.8757802374873505,0.8644978571428572,0.11040718917850767,0.12606723062770908,7.38263961038961,7.57,0.8748560157585035,0.9358313082427572,-0.06097529248425371,0.11050352797688323,literal_reused_policy618_prediction
