view,scenario,target,route,partition,corrected_csv,corrected_sha256,corrected_rows,corrected_ordered_signature,below_100_test
main,revised,ache,source_exact,train,revised_ache_source_exact_train.csv,bf5014ad67b7cc57070eee4406b79e1f137e977ad885030b28aa55814e7ec98d,4521,44c9eb1b3abdac9aa1ee98aa6f5f2d84cad5c296970718db1a16c05d86a82b16,False
main,revised,ache,source_exact,valid,revised_ache_source_exact_valid.csv,212d928ab8ff698adac8d4eb32122a14bfa665dc09e74502135e70282915e29b,751,b5dc5f259fb0f3bd1081533d3ca108b2d557edc2b226fda00594c8362ca82f8b,False
main,revised,ache,source_exact,test,revised_ache_source_exact_test.csv,493fd79e3ab35a639eb619be4ccc569dda6ea3e2c62c8f43eabb1550a81fe549,921,9ca059c9bdd1c7960d0e2809d0d0bbfd1ad21dbc930d6092137ffe22f4f14910,False
main,revised,ache,source_scaffold,train,revised_ache_source_scaffold_train.csv,bf5014ad67b7cc57070eee4406b79e1f137e977ad885030b28aa55814e7ec98d,4521,44c9eb1b3abdac9aa1ee98aa6f5f2d84cad5c296970718db1a16c05d86a82b16,False
main,revised,ache,source_scaffold,valid,revised_ache_source_scaffold_valid.csv,1d90e1209ca00691ed1186c078d023f81dcac66fe0db6f5bbb8f2f269d8b4560,514,523cfe80402341d762273b53f4fb13058019ebcc4e4e9e804b99809c319ef972,False
main,revised,ache,source_scaffold,test,revised_ache_source_scaffold_test.csv,cfda1c95f5a29cb3b8de48058cf236a5c01f4f35b812b44f253bbda091b3cd46,717,d7170903dbb944df1b1b9798d6d8c3af8fca7ed86dfbfd8bfe68b4a6aba41136,False
main,revised,ache,temporal_exact,train,revised_ache_temporal_exact_train.csv,20cd440b4fdf02a9223345f1d060d61739539729f9ff5aa280a2573d4543f66e,3733,326dde11043e30207091b4aa4bf7de9d80d742ca9ed206554c29ed4a811fb85c,False
main,revised,ache,temporal_exact,valid,revised_ache_temporal_exact_valid.csv,b81b2a228ee64619d687ae4265da75e25a789e8f594981a22338928b7de0f655,1281,972902e4e361544678a1e45ba099642d599412b1716afaeef2c78058a44e2193,False
main,revised,ache,temporal_exact,test,revised_ache_temporal_exact_test.csv,d0441194df0b22cbf8235027a8d98bf29794aa6e397e43c16d6e538e865c154d,1212,50a34bae21476a0ad24d986b112a2a4fbd923a80d702809c59476cfc04d22d21,False
main,revised,ache,temporal_scaffold,train,revised_ache_temporal_scaffold_train.csv,20cd440b4fdf02a9223345f1d060d61739539729f9ff5aa280a2573d4543f66e,3733,326dde11043e30207091b4aa4bf7de9d80d742ca9ed206554c29ed4a811fb85c,False
main,revised,ache,temporal_scaffold,valid,revised_ache_temporal_scaffold_valid.csv,43e648bf95a5d82a4c8973d2765d2fc0ec83f51fe61991834bae30f707d6b10a,1116,b5dc96ebbbf0ecbc848af90b5bbf950b4918c98c8956a5cd1d79b1e59d19f476,False
main,revised,ache,temporal_scaffold,test,revised_ache_temporal_scaffold_test.csv,61fd0d466a8ad4d37393e10857271de2a57eceff88f76f071c53d9d578154f63,1032,59daa3c3971da0ecf704346de7011219dba42532e05fa06bc170d77567b5022d,False
main,single_protein,ache,source_exact,train,single_protein_ache_source_exact_train.csv,48e692b57fe1d6bf08f9bd99481f28c7cdb98099f2c5426d1f1bba105b987ea9,2952,723396b42485e1c587cc78f9414a815fd581d3168c6ea38860309fac4dd4ddbd,False
main,single_protein,ache,source_exact,valid,single_protein_ache_source_exact_valid.csv,37cb704f57649de264eb2cf8f3683a759671b779a0e60c0d9cbfc1a136eadf5f,455,57775ac7a80aaca67b4998ceaffcf201e4015f3f83a596a30de3f31c36e3240e,False
main,single_protein,ache,source_exact,test,single_protein_ache_source_exact_test.csv,2cd8dc5dab1ab6944650beea34fc9eb99b43b81f389af6be571517bcb9cfed97,590,7cf5bcc6a227ed5fefc2917a8523909503b60df3a978cbf45fe1474f587c7431,False
main,single_protein,ache,source_scaffold,train,single_protein_ache_source_scaffold_train.csv,48e692b57fe1d6bf08f9bd99481f28c7cdb98099f2c5426d1f1bba105b987ea9,2952,723396b42485e1c587cc78f9414a815fd581d3168c6ea38860309fac4dd4ddbd,False
main,single_protein,ache,source_scaffold,valid,single_protein_ache_source_scaffold_valid.csv,6673674d3c6a10ad76ec4ae84019cf312111561011f63f6654e74699b14e15b7,297,df675df83252aada38056b6acc783611f520f63d7a546068117a88e3dcc1ac45,False
main,single_protein,ache,source_scaffold,test,single_protein_ache_source_scaffold_test.csv,49aad96f270f83b2db6c2ce65ddbcce550d26504534862acaa6d7c13734f8162,478,d654143d60d9236e85eb14d69fcacc4b1a7867a6406058e86babe1749549df02,False
main,single_protein,ache,temporal_exact,train,single_protein_ache_temporal_exact_train.csv,b59aa75f0a68ee254a9aebc790dc65ee026ee76818d19c1a5fbf63824ca6df07,2102,b70c938d929710764bbe0dc27d185671d31cbdc8ea8f90f72983f891a2d7463f,False
main,single_protein,ache,temporal_exact,valid,single_protein_ache_temporal_exact_valid.csv,c3bbb1e72b99df0c675a4cf9f9371ef8a54fb5df0f8bbda25c7fd9364c3772fa,914,032b00097d9130550d94fa5804bcb65bd07d5bb70f24a4d32f17bf2996322b39,False
main,single_protein,ache,temporal_exact,test,single_protein_ache_temporal_exact_test.csv,a02b0e177c4faa5b35a0fe097e53cd68a0fb170cdcfb98cef32b3fde4146433b,969,a202b6e39b39bbe4495bb5701316b335d1c9a3a968a441b253344992823dc620,False
main,single_protein,ache,temporal_scaffold,train,single_protein_ache_temporal_scaffold_train.csv,b59aa75f0a68ee254a9aebc790dc65ee026ee76818d19c1a5fbf63824ca6df07,2102,b70c938d929710764bbe0dc27d185671d31cbdc8ea8f90f72983f891a2d7463f,False
main,single_protein,ache,temporal_scaffold,valid,single_protein_ache_temporal_scaffold_valid.csv,46bbcceeee6926be50a02e5180ea2873e627e2601d5a657328e7f1b57fe3f57c,799,5017e1d90cd1d2f343af6443ed33cb9eaf8db5c7a440099567ed0b8680950002,False
main,single_protein,ache,temporal_scaffold,test,single_protein_ache_temporal_scaffold_test.csv,ab529638e4be415b7512e4da51593c1931ff97a8bb0092d425ed2455619b834a,817,fdc9dbc20fbeb5fa9870c886797d38fcb49c347eb7239401c8595d5160ce1e58,False
main,revised,dpp4,source_exact,train,revised_dpp4_source_exact_train.csv,a806736cfbcf1e83c6ed021329e55fd35a427424a444346f1e4ae667470d4c72,2914,c6f9d24c5b130b8dd9bc27e322868c6f436dfde85fa82a87a086c8a7f22ca9e6,False
main,revised,dpp4,source_exact,valid,revised_dpp4_source_exact_valid.csv,2d2510addceb441917c3baa59fba06c584c1fda3a49e61b193f891d3f5ff3cf7,647,b7418ca8a71f3116da8651680729479b40ffc8e7278cdb9828e5fb4448ce7864,False
main,revised,dpp4,source_exact,test,revised_dpp4_source_exact_test.csv,04fbabdae48f0152b33fb58eea42c065ac7a43708240140408a9493d50a67cc5,574,79cfd758e95ecbe23db24557d9fd9295004d6ad873422dbdbe53f215e1ed0c7f,False
main,revised,dpp4,source_scaffold,train,revised_dpp4_source_scaffold_train.csv,a806736cfbcf1e83c6ed021329e55fd35a427424a444346f1e4ae667470d4c72,2914,c6f9d24c5b130b8dd9bc27e322868c6f436dfde85fa82a87a086c8a7f22ca9e6,False
main,revised,dpp4,source_scaffold,valid,revised_dpp4_source_scaffold_valid.csv,7465a5e8ceecc0595fbd85e0cb178cb6b83e6214a1796e1e9ba4cfaca48ee25b,383,088e622f07c2b714697b7791911b114b1547359d3ca7fad350bb38d32c0f2616,False
main,revised,dpp4,source_scaffold,test,revised_dpp4_source_scaffold_test.csv,7f1853166dcd8ed0da100413170cb70df991a4c0ce26b277937642caf8856906,378,51f5f239c2f2476e7a35e392b7d6b3ebbc3a7b32c2470f05e9798b7a8c9ae6bc,False
main,revised,dpp4,temporal_exact,train,revised_dpp4_temporal_exact_train.csv,0550b3bb6af94b8d4356129412b21945c3690e39ad443b3b8f3b82ef51ccefe8,2552,bb06ece331a863500bf7783616c857d2697f63e8edccee9f94970907dd15d183,False
main,revised,dpp4,temporal_exact,valid,revised_dpp4_temporal_exact_valid.csv,578c987f7648e140374ce41ce02c54b7befe827ba29d26318f598c1b8d668548,770,6ceb891ffedc76d7ceb9cded4bed246d77cc6048c5b1eb6714474502c1ad62e1,False
main,revised,dpp4,temporal_exact,test,revised_dpp4_temporal_exact_test.csv,137fa95bd30f78fe39c88ef21c65086fc7d1fafa937aa3952171c9c8a2caeb7b,776,f0d3ff9f9d7b65a3a117cb239dc5d568450e6f076296672fb186c24ae828df5c,False
main,revised,dpp4,temporal_scaffold,train,revised_dpp4_temporal_scaffold_train.csv,0550b3bb6af94b8d4356129412b21945c3690e39ad443b3b8f3b82ef51ccefe8,2552,bb06ece331a863500bf7783616c857d2697f63e8edccee9f94970907dd15d183,False
main,revised,dpp4,temporal_scaffold,valid,revised_dpp4_temporal_scaffold_valid.csv,da9662015ba8c3f3ce63bd1858cd23727e9e3f5a989ce5e06fef2ec1d6f90146,662,7b59220204ed23ceb7fe94a1806bfb53fd8da67c8fb148ab412c4464888b9558,False
main,revised,dpp4,temporal_scaffold,test,revised_dpp4_temporal_scaffold_test.csv,45865544a43c41b83e2c8d9854df1e4e9390f1ed660a8280c1ae5c9171a0fd43,576,9e87ead158f108a8ae2c1c5d76e3a5b52e64b40c1f6e3483c68808d25418ce8d,False
main,single_protein,dpp4,source_exact,train,single_protein_dpp4_source_exact_train.csv,27e2c5d66b3980782de59e2a8b23fbd49df5370c76d0188fa72ccd1c0fbe1608,1479,ef3b2bb2ace3131d86d1ff04479e4437c7b25647b8c86cc6638f6ebf3e10122f,False
main,single_protein,dpp4,source_exact,valid,single_protein_dpp4_source_exact_valid.csv,8fb142abd0006556356a60d8528cf0faa1e4fae447260ec9fa23c2f1bf7562d9,316,dd3d8da7bf634e1b8be538e3d067704f346156f3ecd902ac0932cb0d3ee77a09,False
main,single_protein,dpp4,source_exact,test,single_protein_dpp4_source_exact_test.csv,6ccbdece28261c95bb28d525db8c1295e1cd77dd14a5dff3bbc021d7d1f4cfe5,302,e84f0a3b020961a8349bea1884cbc0036b2e8f41f28bd400c96407120b12aaab,False
main,single_protein,dpp4,source_scaffold,train,single_protein_dpp4_source_scaffold_train.csv,27e2c5d66b3980782de59e2a8b23fbd49df5370c76d0188fa72ccd1c0fbe1608,1479,ef3b2bb2ace3131d86d1ff04479e4437c7b25647b8c86cc6638f6ebf3e10122f,False
main,single_protein,dpp4,source_scaffold,valid,single_protein_dpp4_source_scaffold_valid.csv,73685c0e86655ce90e59b41b3924e77d388be5e5855ed8b0284f4f28e9266707,213,64df407a34bf00be81f82a658dc0504f15e512c522bd4e3887b50ea8d570fdbc,False
main,single_protein,dpp4,source_scaffold,test,single_protein_dpp4_source_scaffold_test.csv,97af5530e9c91267b2f2894b0017470eca22346fd08c57a1b1ac84f6809194a9,225,a24dbff29ad09927f920f9ef404cea91b6abe90ba6ec261833b53ba58955ddb4,False
main,single_protein,dpp4,temporal_exact,train,single_protein_dpp4_temporal_exact_train.csv,1be99f1a2934b55f7d5163a10ceb602ea3cddc0b357d3803c3109bcfbb85b5c3,1031,8f52dcf7546bcaa69e75d26d97dbf9b9967be099f39e1083d01717cbeda35b78,False
main,single_protein,dpp4,temporal_exact,valid,single_protein_dpp4_temporal_exact_valid.csv,37520c19aaee23f4c45b969264b8dcf400741dc3432013736009a3b96ec7b396,508,48e9c8a181faf356c3e4aeb024d218fe1ca73b08251b79c3671882b5621a15de,False
main,single_protein,dpp4,temporal_exact,test,single_protein_dpp4_temporal_exact_test.csv,7c877a5b863f66bb4c43a5e555d6f59edb435d7a6ce87828e64033f3c2c66024,514,5ad9ac2d844752073c012edb1a1df7b0959c53fc0b05d3e6870c59308bf089d7,False
main,single_protein,dpp4,temporal_scaffold,train,single_protein_dpp4_temporal_scaffold_train.csv,1be99f1a2934b55f7d5163a10ceb602ea3cddc0b357d3803c3109bcfbb85b5c3,1031,8f52dcf7546bcaa69e75d26d97dbf9b9967be099f39e1083d01717cbeda35b78,False
main,single_protein,dpp4,temporal_scaffold,valid,single_protein_dpp4_temporal_scaffold_valid.csv,2155eb1309942015da5f490b91de3a702f398911224771ef177f5ecba5ff6073,461,73cffde5d1f91bc6f3d9eaacd2744a597b1e24b3dd49d0ee5639b1475bbad38d,False
main,single_protein,dpp4,temporal_scaffold,test,single_protein_dpp4_temporal_scaffold_test.csv,402cae466376199bba8ecac81878217a8598d7a15f719c3d2a35415f28cbde2c,409,bd17a560d8e68784ca8cf51d85d170c449e676c35b525fdd0f0a6f8487fc56fb,False
main,revised,ptgs2,source_exact,train,revised_ptgs2_source_exact_train.csv,ec2a5186164f4e5564eba65aadd7c2b07bbccb48fa6de071ea2a5e93cbc2c98e,3558,ad032675374ebd2dab67514c3c7b56a6187cea95a564d5040b36c11aed349507,False
main,revised,ptgs2,source_exact,valid,revised_ptgs2_source_exact_valid.csv,34505032456e963f4cfdf6cb03e164b708dfb95b2507b2fee27462e5a9c8d119,565,d2b1c8d620a99bd8bded11a473d9b09d64246afc1fc0622e0028b9a3a53e8b81,False
main,revised,ptgs2,source_exact,test,revised_ptgs2_source_exact_test.csv,bf77dc9793128021e2ce41903d483dd3afdfa4fad7937179021d6940cb753f23,729,3d2bd5e28779ae1d4da99da83de800a02bcfcbe42a1c1a062833973a61c10388,False
main,revised,ptgs2,source_scaffold,train,revised_ptgs2_source_scaffold_train.csv,ec2a5186164f4e5564eba65aadd7c2b07bbccb48fa6de071ea2a5e93cbc2c98e,3558,ad032675374ebd2dab67514c3c7b56a6187cea95a564d5040b36c11aed349507,False
main,revised,ptgs2,source_scaffold,valid,revised_ptgs2_source_scaffold_valid.csv,118b6788aed61ada3c41613b3b0556b03c40ddf0bab3345ddd499c8137bb12ef,381,7c1cfb8739d67b3b41ef25daecfbb2f86c0524800120d1ba59b836e5e464bc2b,False
main,revised,ptgs2,source_scaffold,test,revised_ptgs2_source_scaffold_test.csv,d95c8ae94002e2a85582f8d2e26fdc13c9484f7989f13e582702f36d1ad6d842,377,3b364b70766b198b0537365fc084a0c6eca555a3d8cd9795c6b845bf73f44605,False
main,revised,ptgs2,temporal_exact,train,revised_ptgs2_temporal_exact_train.csv,c621458fb791e532bf78368eafb3edff899b7d3d86aeb42cae90b86412036cbc,2877,54d82c48d693f9a63462896410cca8c3a8991f233d9776f4117f561c068680c0,False
main,revised,ptgs2,temporal_exact,valid,revised_ptgs2_temporal_exact_valid.csv,e8111a34241b5a06bd86c36f3d97702a508033291d6f3403ffc85a375531175c,775,c1d70932df2fcc9ef896f3a3e732807c0b241aa5288867dea005cfd3bcba1bb1,False
main,revised,ptgs2,temporal_exact,test,revised_ptgs2_temporal_exact_test.csv,49088563f0fa5f5448ca8a2de421f57d19acfa8ee6df90a277e17b0ccfc246c7,1197,874fdf3b30252242b96c8277f6340b313daf89c1fcf2dc755e5f72d2eab1aa82,False
main,revised,ptgs2,temporal_scaffold,train,revised_ptgs2_temporal_scaffold_train.csv,c621458fb791e532bf78368eafb3edff899b7d3d86aeb42cae90b86412036cbc,2877,54d82c48d693f9a63462896410cca8c3a8991f233d9776f4117f561c068680c0,False
main,revised,ptgs2,temporal_scaffold,valid,revised_ptgs2_temporal_scaffold_valid.csv,64260c46c5c369525c3dae21ea1c1df37f81dc68b711946485ed992fd63026be,551,289470ede9a5744248dee62ae0f59615d85fe4f63dcb2c40f520aebccc8a4ff1,False
main,revised,ptgs2,temporal_scaffold,test,revised_ptgs2_temporal_scaffold_test.csv,8f10681f8937885ddb8da847ee5bbe03ec0668aceaefcd4cc19ee7377bce4289,1052,de1daef532be3a8d091b323026df9b59b28a912a84a5a91a177a9a8b69892526,False
main,single_protein,ptgs2,source_exact,train,single_protein_ptgs2_source_exact_train.csv,1b00b0be27e62662c9c30311d81a7a095eab1046f99516b9180efb3af6bc2537,1948,5bf6ba3eb76c8653a6f1105b048c677d605ee178a01be8a11d9e944de4fb6e5c,False
main,single_protein,ptgs2,source_exact,valid,single_protein_ptgs2_source_exact_valid.csv,a84668cd7b33a602aa11810e78853c8ec9335cac9f069d614582750c0d840a0e,262,35ebeb61429111fe443a42e9e6fa35fabc25acf3601d80bc90527a5d61eb2e3e,False
main,single_protein,ptgs2,source_exact,test,single_protein_ptgs2_source_exact_test.csv,aadfb9334c19562a2e7ae1cec36638327ff2ed2911e9aee77cac63af30e397ab,221,0c4f63f46e63fc0e6e0fa490467c6497c59cc3e3fe904afa3089f47cdc499066,False
main,single_protein,ptgs2,source_scaffold,train,single_protein_ptgs2_source_scaffold_train.csv,1b00b0be27e62662c9c30311d81a7a095eab1046f99516b9180efb3af6bc2537,1948,5bf6ba3eb76c8653a6f1105b048c677d605ee178a01be8a11d9e944de4fb6e5c,False
main,single_protein,ptgs2,source_scaffold,valid,single_protein_ptgs2_source_scaffold_valid.csv,50058e923038f32b004b236e7756221d012fcfaf79901036527f18ebcbb705c7,177,844012c55a03d21b8c50d2ac561ecd45627a1ed4eac7ac30dd3b8004a59b3d86,False
main,single_protein,ptgs2,source_scaffold,test,single_protein_ptgs2_source_scaffold_test.csv,0c9cfef534a445b09b4f3ae613ac3ad70688f5adcb8d856be35c089a7a635a5f,161,1d0fc74151fb9611a964044285d1e45489571828ad1c0607ea4f01b409603dfd,False
main,single_protein,ptgs2,temporal_exact,train,single_protein_ptgs2_temporal_exact_train.csv,094e41f077beebdfa2657a43a32aca0683c3020dae849d836cbb43e8de260f4b,688,8435273f4f3e492e93bbbb8e8b596b16cd10bcc4744c46303b2a9193437e50d7,False
main,single_protein,ptgs2,temporal_exact,valid,single_protein_ptgs2_temporal_exact_valid.csv,79ae7cfbcd84f319388c37eb8c605fe822626277d40253b3b56069e8e67c359a,683,af0d0498a82840492f6ad790567fd59e6189e45635ea2529bbcb6cc4adfbe243,False
main,single_protein,ptgs2,temporal_exact,test,single_protein_ptgs2_temporal_exact_test.csv,db1663f44713e9eb012288cdc54b613aa0b2bac033673c087b356b3b17e000e7,999,c81e92bdf4099a216b4179606cb7e98953c0d85f6fdfd9a5d1a762888ba861e3,False
main,single_protein,ptgs2,temporal_scaffold,train,single_protein_ptgs2_temporal_scaffold_train.csv,094e41f077beebdfa2657a43a32aca0683c3020dae849d836cbb43e8de260f4b,688,8435273f4f3e492e93bbbb8e8b596b16cd10bcc4744c46303b2a9193437e50d7,False
main,single_protein,ptgs2,temporal_scaffold,valid,single_protein_ptgs2_temporal_scaffold_valid.csv,a88ff4aa380e6e60309c34686c206d55d80505e5cb74ba6b9b63c08f942f9f25,509,9840d4fde2e9046a71277ae25ef331f9da4dc53af7b39e5e77a296307eff7c5a,False
main,single_protein,ptgs2,temporal_scaffold,test,single_protein_ptgs2_temporal_scaffold_test.csv,a942c075674ad5ed0bfb420a420e92c13142378e449da10bb428e69d72cdd1cb,884,86d1051a7cc6287b46585ec9c2edf5fdd934ae88659e9dd301a8208bac1010f0,False
main,revised,hdac1,source_exact,train,revised_hdac1_source_exact_train.csv,058f721470901fe6049345a4af5fdd4da4f67ba74577967be5d93e062a9c975b,6461,a414a7dce302d932da2223f0f4d4e3481886adb6bea510f0c8f817dc88969d7a,False
main,revised,hdac1,source_exact,valid,revised_hdac1_source_exact_valid.csv,2742994c467e921c6a1415bbcaa07ee2aab3e4ec6770045e8d47e7e95759e437,1240,f3ec4908ea318509ef9aac11b651a737b2835e3002e3924754f24ac2ce1bec60,False
main,revised,hdac1,source_exact,test,revised_hdac1_source_exact_test.csv,72f4b9a97052da97054b17c55da87caeffeea0aebe7bee675e6c955e8a31c872,1008,9500af70ed670bf2eeb9886c67020fd8ace8319093e5b81aeba4b112583303af,False
main,revised,hdac1,source_scaffold,train,revised_hdac1_source_scaffold_train.csv,058f721470901fe6049345a4af5fdd4da4f67ba74577967be5d93e062a9c975b,6461,a414a7dce302d932da2223f0f4d4e3481886adb6bea510f0c8f817dc88969d7a,False
main,revised,hdac1,source_scaffold,valid,revised_hdac1_source_scaffold_valid.csv,7b927f323af94a7e8d7b2ac47915fd6f594e80e2c64703c091fd63ee418ab0a2,893,33e2c466a82f3cdb3dafd636c789ac05baba33f396e8ffda89341ee8ea71da0a,False
main,revised,hdac1,source_scaffold,test,revised_hdac1_source_scaffold_test.csv,b374259e5cfcc8fd8b8f0ebb294d14e169d98b62e853e2f923b99f8baaf020ef,799,bd2556a35abfde305f76bde142cd42623c349ed2fb785eec9eeb1f0f9920aa0e,False
main,revised,hdac1,temporal_exact,train,revised_hdac1_temporal_exact_train.csv,8c872eeba5f6dd5614c1cff3f55fd20c87e442c03208e494d11e3b9a31d187a0,5170,b1ecbefe99b77944ce7d3b58e6ae9bd90854dc98a9554bf1930dc584f714de11,False
main,revised,hdac1,temporal_exact,valid,revised_hdac1_temporal_exact_valid.csv,8c6a35ee6ae6eeb00bb4aa317fab822cb814fa232e68762d1158e439d4a8024e,1531,c1aa322a5f23b3942951553d2777543e9782d4201d557c0613618b124bb008b4,False
main,revised,hdac1,temporal_exact,test,revised_hdac1_temporal_exact_test.csv,f57fe9828534a1dadac91274297fa429ecb2204c7d20a6e50b37f275beb4e630,1999,63298292c9852fd81f99a89a49f0c57de87068ace910e86a5904fcec353626e9,False
main,revised,hdac1,temporal_scaffold,train,revised_hdac1_temporal_scaffold_train.csv,8c872eeba5f6dd5614c1cff3f55fd20c87e442c03208e494d11e3b9a31d187a0,5170,b1ecbefe99b77944ce7d3b58e6ae9bd90854dc98a9554bf1930dc584f714de11,False
main,revised,hdac1,temporal_scaffold,valid,revised_hdac1_temporal_scaffold_valid.csv,b17e59b41fe670e24b5437c461c27c64b90773c0e9f5b2eb911327a5a8bad801,1313,2856047073da21c0fa1d431e7550dc3ba3c3cc0e0e0e4151690f99ccfc003087,False
main,revised,hdac1,temporal_scaffold,test,revised_hdac1_temporal_scaffold_test.csv,d703f8ab0dc161b8c646f59de3af7dac8d3d800bbde4c92427df53b069468f46,1707,ca4d1385a4bf216674afccfcc61c20a1aa11ad835b51e78097fc587000b617a0,False
main,single_protein,hdac1,source_exact,train,single_protein_hdac1_source_exact_train.csv,0299be445906c23cefe04c0b6440a5b9d06d1ebfbf49c8f98139d30f86c077e9,3570,1f522019a854dcb0b7967c1791dad3b2a71866f992f85ad5965a80550c813688,False
main,single_protein,hdac1,source_exact,valid,single_protein_hdac1_source_exact_valid.csv,fdf25537ba33d466fc156e9357c8f6a4dec2a09535f89b7c63336e654cddddba,693,6deb14d3de80ba7a948856556a6ee22bf6c8507cd2f6d548b404cad4065bd750,False
main,single_protein,hdac1,source_exact,test,single_protein_hdac1_source_exact_test.csv,f16009394514a0d2516f29f8a5cf50e2cce10123ca73491ab8898f2e39591b76,602,222595d4945bb5b2c22019eeb03eced7d7becce9a3a23dbfce5b1d17d6678a1a,False
main,single_protein,hdac1,source_scaffold,train,single_protein_hdac1_source_scaffold_train.csv,0299be445906c23cefe04c0b6440a5b9d06d1ebfbf49c8f98139d30f86c077e9,3570,1f522019a854dcb0b7967c1791dad3b2a71866f992f85ad5965a80550c813688,False
main,single_protein,hdac1,source_scaffold,valid,single_protein_hdac1_source_scaffold_valid.csv,0f4ba1dbce7e3374569b195fd29ab96a98f7425abd04437dadec015a0c54290e,514,3bbb8f2e28c8db8d05f54226b8e6f474d8fc9d6a11520c54a929e4a08cb92817,False
main,single_protein,hdac1,source_scaffold,test,single_protein_hdac1_source_scaffold_test.csv,0df32ef8ec5dd46886702ed7d2a2f7a40601b595e5e8950f6967f1d6e66e83fb,477,83b1173c0c42999bd6b3fb52b7a22ea1a9806510b86c7fbbc65f8e5dc8421a9c,False
main,single_protein,hdac1,temporal_exact,train,single_protein_hdac1_temporal_exact_train.csv,deecd06af1d2649c98c082b61c9507ed22912f57f39fb44633a67122cfc4d796,2449,69141b3708abe28ababc191ba828cbff364ccc1d134d9e5181b327c67c8ccda4,False
main,single_protein,hdac1,temporal_exact,valid,single_protein_hdac1_temporal_exact_valid.csv,b14cd90b918356d2d04902805533e5753cbaed005fbf33558bfa66e2cb613158,793,2f0414301269c547dbf396f9d5758c42f978e61bd98d806858443979eed8455c,False
main,single_protein,hdac1,temporal_exact,test,single_protein_hdac1_temporal_exact_test.csv,fbdc372c0b411c82c641781c8fd42aebdc7b2f52b0bd798b61cdd830be900749,1581,839ff08966fe422e50ec760005de9b7aa2a375ca5033f406b0c21a82a80df366,False
main,single_protein,hdac1,temporal_scaffold,train,single_protein_hdac1_temporal_scaffold_train.csv,deecd06af1d2649c98c082b61c9507ed22912f57f39fb44633a67122cfc4d796,2449,69141b3708abe28ababc191ba828cbff364ccc1d134d9e5181b327c67c8ccda4,False
main,single_protein,hdac1,temporal_scaffold,valid,single_protein_hdac1_temporal_scaffold_valid.csv,3362333967b4e0be3380e73e43c2a3b8e3ac117c1de2d265f1d0de6e2b8f182f,669,f751225233bbbf4355668dc7b86b6ca9000f48b08918ceedc17c4006cc51833f,False
main,single_protein,hdac1,temporal_scaffold,test,single_protein_hdac1_temporal_scaffold_test.csv,15ec551ecc5a63678630a7090e3635a2209402425517cc8bbced498927cc28df,1357,de2ad665dd61e2133aa4dbd99afd502b9a54a30327e083552271cce15b1e529f,False
main,revised,pde4d,source_exact,train,revised_pde4d_source_exact_train.csv,546cc2143950a760368c7905d80089b7cfbac0ffa7c687ed5993add37565c3d6,1118,6610ca4b08f71807819a7a5bd302bbddce6e7cc9cde99f7cf5f47927fc6e694a,False
main,revised,pde4d,source_exact,valid,revised_pde4d_source_exact_valid.csv,629e7c1c5192612c8c1e228161f8684995c3d26238b7aed07bbc86e9c26fae9c,184,21c0d46ba243aff491561717a80d3573b9132d0ed0e5b2cef437adbf7e48e695,False
main,revised,pde4d,source_exact,test,revised_pde4d_source_exact_test.csv,43cec7135e0991c5c4c9fce1f3ab1c5bb5f5f82fd3d79b288894c1479f5230a1,320,ecb0fda32a4e5d5dd8ff6008799ac16e9a5ca378694eec43756ca9a79f8aa66f,False
main,revised,pde4d,source_scaffold,train,revised_pde4d_source_scaffold_train.csv,546cc2143950a760368c7905d80089b7cfbac0ffa7c687ed5993add37565c3d6,1118,6610ca4b08f71807819a7a5bd302bbddce6e7cc9cde99f7cf5f47927fc6e694a,False
main,revised,pde4d,source_scaffold,valid,revised_pde4d_source_scaffold_valid.csv,5dc62ec0c6c648aa3ac97014bc42184635e468e6e4d5674b19bfb37a6f08ee12,159,8be73cff38480f0a4e5f0feadf1ddf2c4743a80b20cd2f55c4b11ee0a2f0b865,False
main,revised,pde4d,source_scaffold,test,revised_pde4d_source_scaffold_test.csv,5741ecd93f0a1bc77ce99835d096b36c5ab1124dc6c2ed2fd72bde8fea0fdd2f,290,c605a8f58e114248855c882b8fc291d8b0b21a2a5ccf84e28a1021fa618222cf,False
main,revised,pde4d,temporal_exact,train,revised_pde4d_temporal_exact_train.csv,b777c3674d2dd00d444568001506939188fc76d87f9b7992eefaf62efe87f010,1014,3124f8676bc8e0499e3fd6e941a052dac9ef27f8b48667d2bdf5702532e4cf7a,False
main,revised,pde4d,temporal_exact,valid,revised_pde4d_temporal_exact_valid.csv,3eafbf90784d5e1f001d8e13dc3d7036fbc7fccf4eae58e0ead50fcc1e78d644,293,03f6888614865970144bcfa35ba058dbc6540c4573b62cf0152511201ea7a3b9,False
main,revised,pde4d,temporal_exact,test,revised_pde4d_temporal_exact_test.csv,3caa934dde88fc3de7455a606c9b2d2e91484d7cc29412cab87ff70bd5bee153,310,f6aa2a7d6915c1fd7bf125c6ee647ff8dd8ec8efe5a1361259e526bacecac03c,False
main,revised,pde4d,temporal_scaffold,train,revised_pde4d_temporal_scaffold_train.csv,b777c3674d2dd00d444568001506939188fc76d87f9b7992eefaf62efe87f010,1014,3124f8676bc8e0499e3fd6e941a052dac9ef27f8b48667d2bdf5702532e4cf7a,False
main,revised,pde4d,temporal_scaffold,valid,revised_pde4d_temporal_scaffold_valid.csv,f481a9c82b336631daa1e9a19fb5291dcc79a30953b7174f44f8a259f3690510,272,ab7f96aebda36da75f0416b020739471bd38f1f2fc28c2f913aeada4e385b36f,False
main,revised,pde4d,temporal_scaffold,test,revised_pde4d_temporal_scaffold_test.csv,0f31bc90b4058b46cdf1f47133caa9c415c5af25f6f420597b2ef84d8de0a5f2,264,6d9564ba6f2f2ecc54aff262fe272ca6ada4fdccffda92610874861fd285848a,False
main,single_protein,pde4d,source_exact,train,single_protein_pde4d_source_exact_train.csv,4f3a24489cc35b5fd50d857a60f4472433eb94258811da6f32537120b6fc56f0,531,a9297efa16e7e2aa99ff5c588650fe3e9781bc11e9ccf0236cee21bb74e0e49f,False
main,single_protein,pde4d,source_exact,valid,single_protein_pde4d_source_exact_valid.csv,7954eafdb9a132a00e9a8071b110975d5f52a64c3a8e1e340dd3a081b7f6f821,56,3686c6dc96e768e8166fe83d4f8c70546ee42491a329498902480591e874862d,False
main,single_protein,pde4d,source_exact,test,single_protein_pde4d_source_exact_test.csv,cfc78d86a8fe15843c9f90b5bf1f993ac62337b3f027b5c2479903e647899c63,218,8f87484fcd08458096f3f76babadfc66965d74ab3b9ceb5a3ea0cd6a0a256a4a,False
main,single_protein,pde4d,source_scaffold,train,single_protein_pde4d_source_scaffold_train.csv,4f3a24489cc35b5fd50d857a60f4472433eb94258811da6f32537120b6fc56f0,531,a9297efa16e7e2aa99ff5c588650fe3e9781bc11e9ccf0236cee21bb74e0e49f,False
main,single_protein,pde4d,source_scaffold,valid,single_protein_pde4d_source_scaffold_valid.csv,7a6675f5437351479e4acdfcb8c498a6aaeafdcbe3d1f517114cb68b38697f02,46,62d7d33d017d1fbb1d0ed8decb4590594f9653440ccc6436aa286dda356708af,False
main,single_protein,pde4d,source_scaffold,test,single_protein_pde4d_source_scaffold_test.csv,d1b75d3860a77a3a5f6a83ebec939f4cda80e64a7cdd08ce233f29761e15564a,199,4469a6ea8ed17fd5d9f863c1c714baafd5156a29d93a2776b923fb554cae5de8,False
main,single_protein,pde4d,temporal_exact,train,single_protein_pde4d_temporal_exact_train.csv,93b5707bc6cacc0623b115723217fd84873cb56a6a5d19e73e8115e1e17c773a,503,93a50cc289fc8de5e33792beefc3e30d7ca8f57022351ca4401fd6eeff12f9fd,False
main,single_protein,pde4d,temporal_exact,valid,single_protein_pde4d_temporal_exact_valid.csv,0df869993df1524952c9aff7b8bfc1c9733a2cc56d0940ee0ca391ee83084fbd,189,4334f74596e3625232601d8dcf1e65aea2b5676ebc6731e0f7135248f429c2f6,False
main,single_protein,pde4d,temporal_exact,test,single_protein_pde4d_temporal_exact_test.csv,f7409935196c412f94e4bb0a1a462db9219db2d2b64b7c89ea5fb035eaadd2d5,110,31ae28f44fc6867d4774ea6cfd177a3cd88f401a7d71e67204426ebbbc7215f9,False
main,single_protein,pde4d,temporal_scaffold,train,single_protein_pde4d_temporal_scaffold_train.csv,93b5707bc6cacc0623b115723217fd84873cb56a6a5d19e73e8115e1e17c773a,503,93a50cc289fc8de5e33792beefc3e30d7ca8f57022351ca4401fd6eeff12f9fd,False
main,single_protein,pde4d,temporal_scaffold,valid,single_protein_pde4d_temporal_scaffold_valid.csv,b77b47a4fd37b3ed42047cf62b67379f72a3427096475456f78eb5a8dfb6a48a,173,ec9e74cd8a08d5b847fa4e520b953c620407374832f77b4dac9d26cfb2851428,False
main,single_protein,pde4d,temporal_scaffold,test,single_protein_pde4d_temporal_scaffold_test.csv,4e9561218770cf0503c761aa9fbe3b44b6961da8257e5788c20fd3ef3f5bfdbd,107,e6cb561df2d855c9c132d7819e7a0a26c7a96fd3367694498e1806ac2c3aa125,False
