target,source_size_median,source_size_min,source_size_max,matched_pool_median,matched_pool_min,matched_pool_max,common_test_n,matched_train_n
alk,0.012831809439678099,-0.0042612076182209635,0.056271281450686716,0.08972041822421112,0.0462809462132025,0.10681343528211018,91,2016
braf,0.016285520374803797,-0.09410450657729841,0.24639400366107234,1.1685525007124138,0.9384440174261452,1.2789425276645159,971,3562
egfr,0.03724461560902026,-0.03384080438496939,0.0631078170357815,-0.14164655608228172,-0.16750975750904296,-0.07056113608829206,979,7660
erbb2,-0.0057697190572322254,-0.02699053310589694,0.008490286459689411,0.14642954504176198,0.13216953952484034,0.1676503590904267,23,1534
kdr,0.02655366293403949,-0.017082309632167614,0.07577972609274497,0.1677037478785942,0.11847768471988873,0.21133972044480132,438,5485
met,-0.004233462075878269,-0.012971852571972198,0.03229554943301638,0.06984147650239325,0.0333124649934986,0.07857986699848718,1416,2835
ache,0.008159728574330671,-0.021241097735460457,0.027718494696470142,0.09627745206614735,0.07671868594400788,0.12567827837593848,228,3733
dpp4,0.00427075813498401,-0.005068977678504227,0.02216044409539497,0.4088637640331805,0.3909740780727695,0.4182034998466687,126,2552
ptgs2,0.060394943273237356,0.035166314745851635,0.06725395350455998,-0.04434435230766698,-0.051203362538989605,-0.019115723780281257,35,2877
hdac1,-0.007453988374395704,-0.00996657139125956,0.033002672076631545,0.1785877576355095,0.13813109718448224,0.18110034065237335,455,5170
pde4d,0.01865930679567429,-0.01746676498224331,0.032053768639921376,1.1963103944849935,1.1829159326407466,1.2324364662629113,52,1014
