panel,target,source_full_n,year_full_n,matched_n,source_original_test_n,year_original_test_n,common_test_n,common_test_molecules,common_test_documents,source_test_coverage,year_test_coverage
kinase,alk,2689,2016,2016,239,689,91,67,11,0.3807531380753138,0.1320754716981132
kinase,braf,4134,3562,3562,1413,1895,971,944,12,0.6871903750884643,0.512401055408971
kinase,egfr,10085,7660,7660,2666,3899,979,382,35,0.36721680420105024,0.25109002308284173
kinase,erbb2,1800,1534,1534,502,722,23,23,6,0.045816733067729085,0.03185595567867036
kinase,kdr,8496,5485,5485,1459,2515,438,434,48,0.3002056202878684,0.17415506958250496
kinase,met,3275,2835,2835,1993,1839,1416,241,11,0.7104867034621174,0.7699836867862969
nonkinase,ache,4521,3733,3733,921,1212,228,228,26,0.247557003257329,0.18811881188118812
nonkinase,dpp4,2914,2552,2552,574,776,126,126,11,0.21951219512195122,0.16237113402061856
nonkinase,ptgs2,3558,2877,2877,729,1197,35,35,7,0.04801097393689986,0.029239766081871343
nonkinase,hdac1,6461,5170,5170,1008,1999,455,445,44,0.4513888888888889,0.22761380690345173
nonkinase,pde4d,1118,1014,1014,320,310,52,52,6,0.1625,0.16774193548387098
