target,matched_similarity_change_median,matched_similarity_change_min,matched_similarity_change_max
alk,-0.06648575305291726,-0.08834827144686308,-0.06430155210643018
braf,-0.21753515301902404,-0.22552716101103198,-0.2166083689597098
egfr,0.011184210526315796,0.006249999999999978,0.012499999999999956
erbb2,-0.05893744211501223,-0.20495846313603322,-0.046625129802699894
kdr,-0.07216644842135894,-0.07895419378918139,-0.05997132647013942
met,-0.07314161692892024,-0.07314161692892024,-0.07262094630515686
ache,-0.019602628285356694,-0.025414131169709253,-0.015569053708439917
dpp4,-0.05034722222222221,-0.05928308823529416,-0.05001955946076064
ptgs2,0.0019569471624266144,0.0019569471624266144,0.0019569471624266144
hdac1,-0.006846635367762088,-0.007243460764587484,-0.005152868430092772
pde4d,-0.32091335176370533,-0.3344445608427102,-0.28770249817410665
