target,common_test_n,matched_train_n,rf_source_size_median,rf_source_size_min,rf_source_size_max,rf_matched_pool_median,rf_matched_pool_min,rf_matched_pool_max,ridge_matched_pool_median,nn_matched_pool_median
alk,91,2016,0.012831809439678099,-0.0042612076182209635,0.056271281450686716,0.08972041822421112,0.0462809462132025,0.10681343528211018,-0.045615432830742986,-0.018408791208791464
braf,971,3562,0.016285520374803797,-0.09410450657729841,0.24639400366107234,1.1685525007124138,0.9384440174261452,1.2789425276645159,2.774636942021983,0.9877604531410915
egfr,979,7660,0.03724461560902026,-0.03384080438496939,0.0631078170357815,-0.14164655608228172,-0.16750975750904296,-0.07056113608829206,1.2641267784489512,-1.7615032686414702
erbb2,23,1534,-0.0057697190572322254,-0.02699053310589694,0.008490286459689411,0.14642954504176198,0.13216953952484034,0.1676503590904267,0.43737564747914726,0.1722173913043472
kdr,438,5485,0.02655366293403949,-0.017082309632167614,0.07577972609274497,0.1677037478785942,0.11847768471988873,0.21133972044480132,0.6800919597489914,0.28734115296803653
met,1416,2835,-0.004233462075878269,-0.012971852571972198,0.03229554943301638,0.06984147650239325,0.0333124649934986,0.07857986699848718,-1.1054167444528076,0.39363855932203407
ache,228,3733,0.008159728574330671,-0.021241097735460457,0.027718494696470142,0.09627745206614735,0.07671868594400788,0.12567827837593848,0.812483247686314,0.16551907894736795
dpp4,126,2552,0.00427075813498401,-0.005068977678504227,0.02216044409539497,0.4088637640331805,0.3909740780727695,0.4182034998466687,0.08488108704942432,0.31588253968253976
ptgs2,35,2877,0.060394943273237356,0.035166314745851635,0.06725395350455998,-0.04434435230766698,-0.051203362538989605,-0.019115723780281257,1.2533440106651539,0.011668571428571806
hdac1,455,5170,-0.007453988374395704,-0.00996657139125956,0.033002672076631545,0.1785877576355095,0.13813109718448224,0.18110034065237335,0.2987462167751622,-0.06338813186813175
pde4d,52,1014,0.01865930679567429,-0.01746676498224331,0.032053768639921376,1.1963103944849935,1.1829159326407466,1.2324364662629113,2.4467165109263718,1.1273807692307696
