panel,target,model,test_n_median,test_n_min,test_n_max,matched_n_median,matched_n_min,matched_n_max,test_variance_median,test_variance_min,test_variance_max,source_full_mse_median,source_full_mse_min,source_full_mse_max,source_matched_mse_median,source_matched_mse_min,source_matched_mse_max,year_full_mse_median,year_full_mse_min,year_full_mse_max,year_matched_mse_median,year_matched_mse_min,year_matched_mse_max,source_size_median,source_size_min,source_size_max,year_size_median,year_size_min,year_size_max,matched_pool_median,matched_pool_min,matched_pool_max,full_gap_median,full_gap_min,full_gap_max,source_matched_skill_median,source_matched_skill_min,source_matched_skill_max,year_matched_skill_median,year_matched_skill_min,year_matched_skill_max,normalized_source_size_median,normalized_source_size_min,normalized_source_size_max,normalized_year_size_median,normalized_year_size_min,normalized_year_size_max,normalized_matched_pool_median,normalized_matched_pool_min,normalized_matched_pool_max,normalized_full_gap_median,normalized_full_gap_min,normalized_full_gap_max,identity_error_median,identity_error_min,identity_error_max
kinase,alk,rf,91.0,91.0,91.0,2016.0,2016.0,2016.0,0.36734659461417707,0.36734659461417707,0.36734659461417707,0.2949045914368622,0.2949045914368622,0.2949045914368622,0.3077364008765403,0.29064338381864124,0.3511758728875489,0.3974568191007514,0.3974568191007514,0.3974568191007514,0.3974568191007514,0.3974568191007514,0.3974568191007514,0.012831809439678099,-0.0042612076182209635,0.056271281450686716,0.0,0.0,0.0,0.08972041822421112,0.0462809462132025,0.10681343528211018,0.10255222766388922,0.10255222766388922,0.10255222766388922,0.6048073930495301,0.5644382498329648,0.6334601592876239,0.48361044677924203,0.48361044677924203,0.48361044677924203,0.034931069534359795,-0.011599964939640984,0.15318307635269698,0.0,0.0,0.0,0.2442391451006758,0.1259871382823386,0.29077017957467655,0.27917021463503555,0.27917021463503555,0.27917021463503555,0.0,0.0,0.0
kinase,alk,ridge,91.0,91.0,91.0,2016.0,2016.0,2016.0,0.36734659461417707,0.36734659461417707,0.36734659461417707,0.9958451009416295,0.9958451009416295,0.9958451009416295,0.9618813125607385,0.8902142680900367,1.2602767357368387,0.9162658797299955,0.9162658797299955,0.9162658797299955,0.9162658797299955,0.9162658797299955,0.9162658797299955,-0.03396378838089098,-0.1056308328515928,0.26443163479520926,0.0,0.0,0.0,-0.045615432830742986,-0.3440108560068432,0.026051611639958838,-0.07957922121163397,-0.07957922121163397,-0.07957922121163397,-0.2412032317263595,-0.6409194988982103,-0.093625246299333,-0.19044410745223184,-0.19044410745223184,-0.19044410745223184,-0.09245706610282596,-0.2875508699421497,0.71984234690658,0.0,0.0,0.0,-0.12417546126609048,-0.9364748742754965,0.07091834257323322,-0.21663252736891644,-0.21663252736891644,-0.21663252736891644,0.0,0.0,0.0
kinase,alk,tanimoto1nn,91.0,91.0,91.0,2016.0,2016.0,2016.0,0.36734659461417707,0.36734659461417707,0.36734659461417707,0.5889739010989014,0.5889739010989014,0.5889739010989014,0.6966024725274729,0.5852057692307695,0.9324859890109891,0.6781936813186814,0.6781936813186814,0.6781936813186814,0.6781936813186814,0.6781936813186814,0.6781936813186814,0.10762857142857152,-0.003768131868131852,0.34351208791208776,0.0,0.0,0.0,-0.018408791208791464,-0.2542923076923077,0.0929879120879119,0.08921978021978005,0.08921978021978005,0.08921978021978005,0.12149192606637027,-0.15655789801345898,0.2380438911799343,0.11886747122454155,0.11886747122454155,0.11886747122454155,0.2929891633856398,-0.010257701917965264,0.9351171154121556,0.0,0.0,0.0,-0.05011286746274634,-0.6922408194892622,0.2531339978408587,0.24287629592289348,0.24287629592289348,0.24287629592289348,0.0,0.0,0.0
kinase,braf,rf,971.0,971.0,971.0,3562.0,3562.0,3562.0,0.8470745041316617,0.8470745041316617,0.8470745041316617,0.9443728793247204,0.9443728793247204,0.9443728793247204,0.9606583996995242,0.850268372747422,1.1907668829857927,2.129210900411938,2.129210900411938,2.129210900411938,2.129210900411938,2.129210900411938,2.129210900411938,0.016285520374803797,-0.09410450657729841,0.24639400366107234,0.0,0.0,0.0,1.1685525007124138,0.9384440174261452,1.2789425276645159,1.1848380210872176,1.1848380210872176,1.1848380210872176,0.42189854737947263,0.2963752792294593,0.49741736760153765,-0.1527938908273061,-0.1527938908273061,-0.1527938908273061,0.019225605652596196,-0.1110935414987672,0.2908764252250178,0.0,0.0,0.0,1.3795156093268324,1.107864789754411,1.5098347564781958,1.3987412149794287,1.3987412149794287,1.3987412149794287,0.0,0.0,0.0
kinase,braf,ridge,971.0,971.0,971.0,3562.0,3562.0,3562.0,0.8470745041316617,0.8470745041316617,0.8470745041316617,1.0827785993128087,1.0827785993128087,1.0827785993128087,1.1184229772128627,1.0248522745093998,1.1650611927513241,3.893059919234846,3.893059919234846,3.893059919234846,3.893059919234846,3.893059919234846,3.893059919234846,0.035644377900053925,-0.05792632480340898,0.0822825934385154,0.0,0.0,0.0,2.774636942021983,2.7279987264835217,2.8682076447254463,2.810281319922037,2.810281319922037,2.810281319922037,0.33406747124617997,0.2988937918702317,0.3942230824390647,-1.107774147995534,-1.107774147995534,-1.107774147995534,0.04207938938805987,-0.06838397864753279,0.09713737461956018,0.0,0.0,0.0,3.275552420110048,3.2204944348785474,3.3860157881456407,3.3176318094981077,3.3176318094981077,3.3176318094981077,0.0,-4.440892098500626e-16,0.0
kinase,braf,tanimoto1nn,971.0,971.0,971.0,3562.0,3562.0,3562.0,0.8470745041316617,0.8470745041316617,0.8470745041316617,1.4024309217301756,1.4024309217301756,1.4024309217301756,1.513031848609681,1.2807899330587025,1.5834004376931001,2.5007923017507725,2.5007923017507725,2.5007923017507725,2.5007923017507725,2.5007923017507725,2.5007923017507725,0.1106009268795054,-0.1216409886714731,0.18096951596292454,0.0,0.0,0.0,0.9877604531410915,0.9173918640576724,1.22000236869207,1.098361380020597,1.098361380020597,1.098361380020597,0.09910906199314795,0.04714715095743782,0.242941644382074,-0.3539748867190631,-0.3539748867190631,-0.3539748867190631,0.13056812162335438,-0.1436012866379063,0.21364061257921682,0.0,0.0,0.0,1.166084504164893,1.0830120132090306,1.4402539124261537,1.2966526257882476,1.2966526257882476,1.2966526257882476,0.0,0.0,0.0
kinase,egfr,rf,979.0,979.0,979.0,7660.0,7660.0,7660.0,1.4076080036225496,1.4076080036225496,1.4076080036225496,1.9501295057236316,1.9501295057236316,1.9501295057236316,1.987374121332652,1.9162887013386622,2.013237322759413,1.8457275652503702,1.8457275652503702,1.8457275652503702,1.8457275652503702,1.8457275652503702,1.8457275652503702,0.03724461560902026,-0.03384080438496939,0.0631078170357815,0.0,0.0,0.0,-0.14164655608228172,-0.16750975750904296,-0.07056113608829206,-0.10440194047326146,-0.10440194047326146,-0.10440194047326146,-0.26439429686219995,-0.2820163851192492,-0.22018435758889954,-0.2905300772475141,-0.2905300772475141,-0.2905300772475141,0.026459508267336774,-0.02404135547530164,0.0448333746848344,0.0,0.0,0.0,-0.10062926306027475,-0.11900312947777238,-0.05012839931763634,-0.07416975479293798,-0.07416975479293798,-0.07416975479293798,0.0,0.0,0.0
kinase,egfr,ridge,979.0,979.0,979.0,7660.0,7660.0,7660.0,1.4076080036225496,1.4076080036225496,1.4076080036225496,3.353223242163989,3.353223242163989,3.353223242163989,3.7918112497578176,3.1935464209731506,4.343341137593125,5.055938028206769,5.055938028206769,5.055938028206769,5.055938028206769,5.055938028206769,5.055938028206769,0.43858800759382843,-0.1596768211908386,0.9901178954291359,0.0,0.0,0.0,1.2641267784489512,0.7125968906136437,1.8623916072336182,1.7027147860427796,1.7027147860427796,1.7027147860427796,-1.414600651653993,-1.7632923789996924,-1.0344359249755666,-2.535104647589332,-2.535104647589332,-2.535104647589332,0.31158391147613557,-0.11343841522632886,0.7034045649648325,0.0,0.0,0.0,0.8980673420410069,0.50624668855231,1.3230896687434714,1.2096512535171426,1.2096512535171426,1.2096512535171426,0.0,0.0,0.0
kinase,egfr,tanimoto1nn,979.0,979.0,979.0,7660.0,7660.0,7660.0,1.4076080036225496,1.4076080036225496,1.4076080036225496,4.820944841675178,4.820944841675178,4.820944841675178,4.866095097037793,4.5119897854954045,5.327182328907048,3.104591828396323,3.104591828396323,3.104591828396323,3.104591828396323,3.104591828396323,3.104591828396323,0.04515025536261508,-0.3089550561797738,0.5062374872318696,0.0,0.0,0.0,-1.7615032686414702,-2.2225905005107247,-1.4073979570990813,-1.7163530132788551,-1.7163530132788551,-1.7163530132788551,-2.0986975928899962,-2.3892254521753085,-1.873876107104825,-1.1707261719195396,-1.1707261719195396,-1.1707261719195396,0.03207587286120755,-0.21948941422943216,0.35964379708629257,0.0,0.0,0.0,-1.2514160647766661,-1.5789839890017512,-0.9998507776860265,-1.2193401919154585,-1.2193401919154585,-1.2193401919154585,0.0,0.0,0.0
kinase,erbb2,rf,23.0,23.0,23.0,1534.0,1534.0,1534.0,0.32437655954631384,0.32437655954631384,0.32437655954631384,0.5102801757864177,0.5102801757864177,0.5102801757864177,0.5045104567291855,0.48328964268052077,0.5187704622461071,0.6509400017709475,0.6509400017709475,0.6509400017709475,0.6509400017709475,0.6509400017709475,0.6509400017709475,-0.0057697190572322254,-0.02699053310589694,0.008490286459689411,0.0,0.0,0.0,0.14642954504176198,0.13216953952484034,0.1676503590904267,0.14065982598452975,0.14065982598452975,0.14065982598452975,-0.5238757668205158,-0.5521437181910978,-0.4644163182596608,-0.8844127624421383,-0.8844127624421383,-0.8844127624421383,-0.017787102327313623,-0.08320740914092865,0.026174167675877286,0.0,0.0,0.0,0.4514183923972936,0.4074571223941027,0.5168386992109086,0.43363129006997997,0.43363129006997997,0.43363129006997997,0.0,0.0,0.0
kinase,erbb2,ridge,23.0,23.0,23.0,1534.0,1534.0,1534.0,0.32437655954631384,0.32437655954631384,0.32437655954631384,1.2643943007433152,1.2643943007433152,1.2643943007433152,0.9842121466943459,0.8589173799183127,1.1236109992283234,1.4215877941734931,1.4215877941734931,1.4215877941734931,1.4215877941734931,1.4215877941734931,1.4215877941734931,-0.2801821540489693,-0.4054769208250024,-0.14078330151499174,0.0,0.0,0.0,0.43737564747914726,0.2979767949451697,0.5626704142551804,0.15719349343017797,0.15719349343017797,0.15719349343017797,-1.944729532681614,-2.348835237048356,-1.602606213973198,-3.1153688127698347,-3.1153688127698347,-3.1153688127698347,-0.8637558596738413,-1.2500191795366435,-0.43401194498115697,0.0,0.0,0.0,1.3483577484479103,0.918613833755226,1.7346210683107126,0.48460188877406907,0.48460188877406907,0.48460188877406907,0.0,0.0,0.0
kinase,erbb2,tanimoto1nn,23.0,23.0,23.0,1534.0,1534.0,1534.0,0.32437655954631384,0.32437655954631384,0.32437655954631384,1.2699608695652171,1.2699608695652171,1.2699608695652171,1.285704347826087,1.1012478260869565,1.4294913043478261,1.4579217391304342,1.4579217391304342,1.4579217391304342,1.4579217391304342,1.4579217391304342,1.4579217391304342,0.01574347826086986,-0.16871304347826066,0.15953043478260898,0.0,0.0,0.0,0.1722173913043472,0.028430434782608094,0.35667391304347773,0.18796086956521707,0.18796086956521707,0.18796086956521707,-2.8896503744645234,-3.3315027015405523,-2.2821835379465703,-3.2205523157047526,-3.2205523157047526,-3.2205523157047526,0.04853457439369023,-0.5201147817654566,0.49180629761205524,0.0,0.0,0.0,0.5309181142596043,0.08764639104123938,1.0995674704187512,0.5794526886532946,0.5794526886532946,0.5794526886532946,0.0,0.0,0.0
kinase,kdr,rf,438.0,438.0,438.0,5485.0,5485.0,5485.0,1.1507343179875313,1.1507343179875313,1.1507343179875313,0.8431957277013354,0.8431957277013354,0.8431957277013354,0.8697493906353749,0.8261134180691678,0.9189754537940804,1.0374531385139691,1.0374531385139691,1.0374531385139691,1.0374531385139691,1.0374531385139691,1.0374531385139691,0.02655366293403949,-0.017082309632167614,0.07577972609274497,0.0,0.0,0.0,0.1677037478785942,0.11847768471988873,0.21133972044480132,0.1942574108126337,0.1942574108126337,0.1942574108126337,0.2618137919572856,0.22147229037331617,0.30192510329549493,0.12059989764652457,0.12059989764652457,0.12059989764652457,0.023075407171724942,-0.01484470339082449,0.06585336415904655,0.0,0.0,0.0,0.1457362879138635,0.10295833092654189,0.18365639847641294,0.16881169508558844,0.16881169508558844,0.16881169508558844,0.0,0.0,0.0
kinase,kdr,ridge,438.0,438.0,438.0,5485.0,5485.0,5485.0,1.1507343179875313,1.1507343179875313,1.1507343179875313,1.3971401240205736,1.3971401240205736,1.3971401240205736,1.6318069990703155,1.4550371603716663,1.6444179960409027,2.311898958819307,2.311898958819307,2.311898958819307,2.311898958819307,2.311898958819307,2.311898958819307,0.23466687504974182,0.05789703635109267,0.24727787202032903,0.0,0.0,0.0,0.6800919597489914,0.6674809627784042,0.8568617984476405,0.9147588347987332,0.9147588347987332,0.9147588347987332,-0.3785779670553875,-0.39567408497734835,-0.2327449429242039,-0.9596877252005311,-0.9596877252005311,-0.9596877252005311,0.20392793660672293,0.05031312219170299,0.2148870231425638,0.0,0.0,0.0,0.5910069328065007,0.5800478462706599,0.7446217472215206,0.7949348694132237,0.7949348694132237,0.7949348694132237,0.0,0.0,0.0
kinase,kdr,tanimoto1nn,438.0,438.0,438.0,5485.0,5485.0,5485.0,1.1507343179875313,1.1507343179875313,1.1507343179875313,1.4869985730593602,1.4869985730593602,1.4869985730593602,1.5636224885844747,1.5299720890410957,1.7574773401826485,1.8509636415525113,1.8509636415525113,1.8509636415525113,1.8509636415525113,1.8509636415525113,1.8509636415525113,0.0766239155251145,0.04297351598173549,0.2704787671232882,0.0,0.0,0.0,0.28734115296803653,0.0934863013698628,0.32099155251141553,0.363965068493151,0.363965068493151,0.363965068493151,-0.32474122856952214,-0.48888069069120466,-0.29613869491075673,-0.5689745930745216,-0.5689745930745216,-0.5689745930745216,0.06658697348934435,0.03734442895288809,0.23504884046242458,0.0,0.0,0.0,0.24970242781196866,0.0812405608388884,0.2789449723484249,0.316289401301313,0.316289401301313,0.316289401301313,0.0,0.0,0.0
kinase,met,rf,1416.0,1416.0,1416.0,2835.0,2835.0,2835.0,0.5845406980029486,0.5845406980029486,0.5845406980029486,0.6636303240696426,0.6636303240696426,0.6636303240696426,0.6593968619937643,0.6506584714976704,0.695925873502659,0.7292383384961576,0.7292383384961576,0.7292383384961576,0.7292383384961576,0.7292383384961576,0.7292383384961576,-0.004233462075878269,-0.012971852571972198,0.03229554943301638,0.0,0.0,0.0,0.06984147650239325,0.0333124649934986,0.07857986699848718,0.06560801442651498,0.06560801442651498,0.06560801442651498,0.24920186075172723,0.2146135782727554,0.2637032304857996,0.240701085309995,0.240701085309995,0.240701085309995,-0.007242373525644427,-0.022191530232693504,0.05524944549344872,0.0,0.0,0.0,0.11948094759013846,0.0569891285710453,0.13443010429718752,0.11223857406449403,0.11223857406449403,0.11223857406449403,0.0,0.0,0.0
kinase,met,ridge,1416.0,1416.0,1416.0,2835.0,2835.0,2835.0,0.5845406980029486,0.5845406980029486,0.5845406980029486,2.8062757231855597,2.8062757231855597,2.8062757231855597,2.2480601801410147,1.9245861094931658,3.4486733579042625,1.1426434356882071,1.1426434356882071,1.1426434356882071,1.1426434356882071,1.1426434356882071,1.1426434356882071,-0.558215543044545,-0.881689613692394,0.6423976347187028,0.0,0.0,0.0,-1.1054167444528076,-2.306029922216055,-0.7819426738049586,-1.6636322874973526,-1.6636322874973526,-1.6636322874973526,-1.5427313384628154,-2.945718901642506,-1.2207897585726197,-0.18974534770745022,-0.18974534770745022,-0.18974534770745022,-0.9549643762216351,-1.5083459829309378,1.0989784576393384,0.0,0.0,0.0,-1.891086024000388,-3.9450288578613613,-1.3377044172910852,-2.846050400222023,-2.846050400222023,-2.846050400222023,0.0,0.0,0.0
kinase,met,tanimoto1nn,1416.0,1416.0,1416.0,2835.0,2835.0,2835.0,0.5845406980029486,0.5845406980029486,0.5845406980029486,0.7862554201977403,0.7862554201977403,0.7862554201977403,0.7796927083333335,0.7190263241525425,0.7942917902542375,1.1733312676553675,1.1733312676553675,1.1733312676553675,1.1733312676553675,1.1733312676553675,1.1733312676553675,-0.006562711864406823,-0.06722909604519778,0.008036370056497155,0.0,0.0,0.0,0.39363855932203407,0.3790394774011301,0.454304943502825,0.38707584745762724,0.38707584745762724,0.38707584745762724,0.1082814774182761,0.09001145834983659,0.1862980432178486,-0.22169818983984024,-0.22169818983984024,-0.22169818983984024,-0.011227125650665505,-0.11501183112635667,0.013748178841871874,0.0,0.0,0.0,0.6734151457150523,0.648439841222515,0.7771998511907435,0.6621880200643868,0.6621880200643868,0.6621880200643868,0.0,0.0,0.0
nonkinase,ache,rf,228.0,228.0,228.0,3733.0,3733.0,3733.0,1.8365377462296093,1.8365377462296093,1.8365377462296093,1.2564316569604188,1.2564316569604188,1.2564316569604188,1.2645913855347495,1.2351905592249584,1.284150151656889,1.3608688376008968,1.3608688376008968,1.3608688376008968,1.3608688376008968,1.3608688376008968,1.3608688376008968,0.008159728574330671,-0.021241097735460457,0.027718494696470142,0.0,0.0,0.0,0.09627745206614735,0.07671868594400788,0.12567827837593848,0.10443718064047802,0.10443718064047802,0.10443718064047802,0.31211685373312337,0.3013238647647596,0.3277877908404593,0.26689281425491074,0.26689281425491074,0.26689281425491074,0.004442995299760378,-0.011565837826675866,0.015092798802189548,0.0,0.0,0.0,0.05242334510347192,0.041773541601042755,0.06843217822990817,0.0568663404032323,0.0568663404032323,0.0568663404032323,0.0,0.0,0.0
nonkinase,ache,ridge,228.0,228.0,228.0,3733.0,3733.0,3733.0,1.8365377462296093,1.8365377462296093,1.8365377462296093,2.715748735062036,2.715748735062036,2.715748735062036,2.9511639332028015,2.4474130679538595,3.321351011605924,3.7636471808891154,3.7636471808891154,3.7636471808891154,3.7636471808891154,3.7636471808891154,3.7636471808891154,0.23541519814076528,-0.2683356671081767,0.605602276543888,0.0,0.0,0.0,0.812483247686314,0.44229616928319127,1.316234112935256,1.0478984458270793,1.0478984458270793,1.0478984458270793,-0.6053058361317536,-0.806998496810984,-0.331924805325172,-1.0274964909794182,-1.0274964909794182,-1.0274964909794182,0.12818424158396416,-0.14610953009763436,0.32975215335877656,0.0,0.0,0.0,0.4423994275937604,0.240831515818948,0.7166931992753589,0.5705836691777245,0.5705836691777245,0.5705836691777245,0.0,0.0,0.0
nonkinase,ache,tanimoto1nn,228.0,228.0,228.0,3733.0,3733.0,3733.0,1.8365377462296093,1.8365377462296093,1.8365377462296093,2.089025548245614,2.089025548245614,2.089025548245614,2.0986948464912283,1.8652721491228068,2.2151097587719297,2.2642139254385962,2.2642139254385962,2.2642139254385962,2.2642139254385962,2.2642139254385962,2.2642139254385962,0.009669298245614133,-0.22375339912280734,0.12608421052631558,0.0,0.0,0.0,0.16551907894736795,0.049104166666666504,0.3989417763157894,0.17518837719298208,0.17518837719298208,0.17518837719298208,-0.141805975828178,-0.20518953596179723,-0.015113581205123072,-0.219743926041706,-0.219743926041706,-0.219743926041706,0.0052649602576724,-0.12183435901721622,0.068653209434527,0.0,0.0,0.0,0.09012560688566118,0.02673735770880658,0.2172249261605498,0.09539056714333359,0.09539056714333359,0.09539056714333359,0.0,0.0,0.0
nonkinase,dpp4,rf,126.0,126.0,126.0,2552.0,2552.0,2552.0,1.4934109977324266,1.4934109977324266,1.4934109977324266,0.7715108158081655,0.7715108158081655,0.7715108158081655,0.7757815739431495,0.7664418381296613,0.7936712599035605,1.18464533797633,1.18464533797633,1.18464533797633,1.18464533797633,1.18464533797633,1.18464533797633,0.00427075813498401,-0.005068977678504227,0.02216044409539497,0.0,0.0,0.0,0.4088637640331805,0.3909740780727695,0.4182034998466687,0.4131345221681645,0.4131345221681645,0.4131345221681645,0.5189662757644253,0.5107686543901497,0.5265018823675001,0.3248924896004759,0.3248924896004759,0.3248924896004759,0.0028597339523203365,-0.003394228170410482,0.01483881137144635,0.0,0.0,0.0,0.27377846062068195,0.26179938320155594,0.2800324227434128,0.27663819457300226,0.27663819457300226,0.27663819457300226,0.0,0.0,0.0
nonkinase,dpp4,ridge,126.0,126.0,126.0,2552.0,2552.0,2552.0,1.4934109977324266,1.4934109977324266,1.4934109977324266,1.6256771660998155,1.6256771660998155,1.6256771660998155,1.6790764206256337,1.495087809856264,1.8351280420546134,1.763957507675058,1.763957507675058,1.763957507675058,1.763957507675058,1.763957507675058,1.763957507675058,0.053399254525818174,-0.1305893562435514,0.20945087595479794,0.0,0.0,0.0,0.08488108704942432,-0.07117053437955545,0.2688696978187939,0.1382803415752425,0.1382803415752425,0.1382803415752425,-0.035008898702298286,-0.13371899901486728,0.07295083901145782,-0.005246822218830216,-0.005246822218830216,-0.005246822218830216,0.03575656976337982,-0.0874436819079519,0.14024998896675134,0.0,0.0,0.0,0.056837057700998936,-0.04765636150237259,0.18003730937233067,0.09259362746437876,0.09259362746437876,0.09259362746437876,0.0,0.0,0.0
nonkinase,dpp4,tanimoto1nn,126.0,126.0,126.0,2552.0,2552.0,2552.0,1.4934109977324266,1.4934109977324266,1.4934109977324266,1.4103337301587302,1.4103337301587302,1.4103337301587302,1.4137337301587303,1.4063694444444448,1.5880924603174609,1.72961626984127,1.72961626984127,1.72961626984127,1.72961626984127,1.72961626984127,1.72961626984127,0.0034000000000000696,-0.00396428571428542,0.17775873015873067,0.0,0.0,0.0,0.31588253968253976,0.14152380952380916,0.32324682539682525,0.31928253968253983,0.31928253968253983,0.31928253968253983,0.12339552248048058,0.021075033750905803,0.12905121749688353,0.014323615307738402,0.014323615307738402,0.014323615307738402,0.002276667310715255,-0.0026545175576614434,0.11902867357253759,0.0,0.0,0.0,0.21151748591792294,0.09476547965610059,0.21644867078629962,0.21379415322863818,0.21379415322863818,0.21379415322863818,0.0,0.0,0.0
nonkinase,ptgs2,rf,35.0,35.0,35.0,2877.0,2877.0,2877.0,1.3728713469387757,1.3728713469387757,1.3728713469387757,1.1952421063026917,1.1952421063026917,1.1952421063026917,1.255637049575929,1.2304084210485433,1.2624960598072517,1.211292697268262,1.211292697268262,1.211292697268262,1.211292697268262,1.211292697268262,1.211292697268262,0.060394943273237356,0.035166314745851635,0.06725395350455998,0.0,0.0,0.0,-0.04434435230766698,-0.051203362538989605,-0.019115723780281257,0.016050590965570377,0.016050590965570377,0.016050590965570377,0.1098592417444677,0.10317778002477618,0.1243227207630303,0.15605089018817642,0.15605089018817642,0.15605089018817642,0.04399169915513629,0.02561515674740053,0.04898780476009106,0.0,0.0,0.0,-0.03230044272287121,-0.03729654832782599,-0.013923900315135457,0.011691256432265073,0.011691256432265073,0.011691256432265073,0.0,0.0,0.0
nonkinase,ptgs2,ridge,35.0,35.0,35.0,2877.0,2877.0,2877.0,1.3728713469387757,1.3728713469387757,1.3728713469387757,3.538614102802695,3.538614102802695,3.538614102802695,3.91085280558733,2.113833913210007,4.15199501169512,5.164196816252484,5.164196816252484,5.164196816252484,5.164196816252484,5.164196816252484,5.164196816252484,0.3722387027846348,-1.4247801895926884,0.6133809088924247,0.0,0.0,0.0,1.2533440106651539,1.012201804557364,3.050362903042477,1.6255827134497887,1.6255827134497887,1.6255827134497887,-1.7780995179015733,-1.957557195631754,-0.5034094771138602,-2.598072799248546,-2.598072799248546,-2.598072799248546,0.27113880963037906,-1.0378104203060678,0.4467868822961012,0.0,0.0,0.0,0.9129362437783093,0.7372881711125872,2.221885473714756,1.1840750534086883,1.1840750534086883,1.1840750534086883,0.0,0.0,0.0
nonkinase,ptgs2,tanimoto1nn,35.0,35.0,35.0,2877.0,2877.0,2877.0,1.3728713469387757,1.3728713469387757,1.3728713469387757,2.23156,2.23156,2.23156,2.2179285714285717,1.8644514285714284,2.4917542857142854,2.2295971428571435,2.2295971428571435,2.2295971428571435,2.2295971428571435,2.2295971428571435,2.2295971428571435,-0.013631428571428295,-0.36710857142857156,0.2601942857142854,0.0,0.0,0.0,0.011668571428571806,-0.26215714285714187,0.3651457142857151,-0.001962857142856489,-0.001962857142856489,-0.001962857142856489,-0.5774440995620671,-0.766443615232032,-0.32442509916639795,-0.5534366946955542,-0.5534366946955542,-0.5534366946955542,-0.009929137644123473,-0.26740202004153496,0.18952561454098799,0.0,0.0,0.0,0.00849939177082423,-0.19095536041428723,0.2659722741682357,-0.0014297458732992437,-0.0014297458732992437,-0.0014297458732992437,0.0,0.0,0.0
nonkinase,hdac1,rf,455.0,455.0,455.0,5170.0,5170.0,5170.0,1.1140534428209155,1.1140534428209155,1.1140534428209155,0.9750651065530859,0.9750651065530859,0.9750651065530859,0.9676111181786902,0.9650985351618263,1.0080677786297174,1.1461988758141997,1.1461988758141997,1.1461988758141997,1.1461988758141997,1.1461988758141997,1.1461988758141997,-0.007453988374395704,-0.00996657139125956,0.033002672076631545,0.0,0.0,0.0,0.1785877576355095,0.13813109718448224,0.18110034065237335,0.1711337692611138,0.1711337692611138,0.1711337692611138,0.149372848401214,0.11163481909813244,0.15214149671548205,-0.014216554355948041,-0.014216554355948041,-0.014216554355948041,-0.006690871450045808,-0.008946223770040168,0.029623957709842774,0.0,0.0,0.0,0.1603044798131983,0.1239896506533097,0.16255983213319264,0.15361360836315247,0.15361360836315247,0.15361360836315247,0.0,0.0,0.0
nonkinase,hdac1,ridge,455.0,455.0,455.0,5170.0,5170.0,5170.0,1.1140534428209155,1.1140534428209155,1.1140534428209155,1.5503585532230506,1.5503585532230506,1.5503585532230506,1.5456972929739832,1.4016990632848645,1.7005660413218715,1.8444435097491454,1.8444435097491454,1.8444435097491454,1.8444435097491454,1.8444435097491454,1.8444435097491454,-0.004661260249067434,-0.14865948993818612,0.1502074880988209,0.0,0.0,0.0,0.2987462167751622,0.1438774684272739,0.4427444464642809,0.2940849565260948,0.2940849565260948,0.2940849565260948,-0.36215409757357353,-0.4950868249643974,-0.23142086175971643,-0.6320598289133261,-0.6320598289133261,-0.6320598289133261,-0.004184054435723093,-0.13344017820344656,0.1348296969654146,0.0,0.0,0.0,0.26816147708201626,0.12914772568087854,0.3974176008497397,0.26397742264629315,0.26397742264629315,0.26397742264629315,0.0,0.0,0.0
nonkinase,hdac1,tanimoto1nn,455.0,455.0,455.0,5170.0,5170.0,5170.0,1.1140534428209155,1.1140534428209155,1.1140534428209155,1.7603404395604394,1.7603404395604394,1.7603404395604394,1.858101978021978,1.7302375824175824,1.9648745054945056,1.7947138461538463,1.7947138461538463,1.7947138461538463,1.7947138461538463,1.7947138461538463,1.7947138461538463,0.09776153846153868,-0.030102857142856987,0.2045340659340662,0.0,0.0,0.0,-0.06338813186813175,-0.17016065934065927,0.06447626373626392,0.03437340659340693,0.03437340659340693,0.03437340659340693,-0.6335877109609647,-0.7261818318801379,-0.5182415518792589,-0.588056428521682,-0.588056428521682,-0.588056428521682,0.08775300600839657,-0.027021017112637775,0.18359448305833667,0.0,0.0,0.0,-0.05689864546141115,-0.15274012251135125,0.057875377659623195,0.03085436054698542,0.03085436054698542,0.03085436054698542,0.0,0.0,0.0
nonkinase,pde4d,rf,52.0,52.0,52.0,1014.0,1014.0,1014.0,2.3448320636094673,2.3448320636094673,2.3448320636094673,0.8348142379440746,0.8348142379440746,0.8348142379440746,0.8534735447397489,0.8173474729618313,0.866868006583996,2.0497839392247426,2.0497839392247426,2.0497839392247426,2.0497839392247426,2.0497839392247426,2.0497839392247426,0.01865930679567429,-0.01746676498224331,0.032053768639921376,0.0,0.0,0.0,1.1963103944849935,1.1829159326407466,1.2324364662629113,1.214969701280668,1.214969701280668,1.214969701280668,0.6439858000039549,0.6362096899608539,0.65801253717648,0.15605094316042323,0.15605094316042323,0.15605094316042323,0.00795763035027399,-0.007449047312734294,0.013669963464496511,0.0,0.0,0.0,0.5101902234497249,0.5044778903355024,0.5255969011127332,0.5181478537999988,0.5181478537999988,0.5181478537999988,0.0,0.0,0.0
nonkinase,pde4d,ridge,52.0,52.0,52.0,1014.0,1014.0,1014.0,2.3448320636094673,2.3448320636094673,2.3448320636094673,0.47159515834230586,0.47159515834230586,0.47159515834230586,0.4324578020911521,0.3421373420510528,0.5463222497488742,2.879174313017524,2.879174313017524,2.879174313017524,2.879174313017524,2.879174313017524,2.879174313017524,-0.039137356251153776,-0.12945781629125308,0.07472709140656836,0.0,0.0,0.0,2.4467165109263718,2.33285206326865,2.537036970966471,2.407579154675218,2.407579154675218,2.407579154675218,0.818514518119612,0.7709700131802073,0.857282334209643,-0.18543052243198344,-0.18543052243198344,-0.18543052243198344,-0.016690899471456612,-0.055209845643263235,0.03186884577633197,0.0,0.0,0.0,1.0434506372111232,0.9948908919633348,1.0819695833829297,1.0267597377396667,1.0267597377396667,1.0267597377396667,0.0,0.0,4.440892098500626e-16
nonkinase,pde4d,tanimoto1nn,52.0,52.0,52.0,1014.0,1014.0,1014.0,2.3448320636094673,2.3448320636094673,2.3448320636094673,0.796507692307692,0.796507692307692,0.796507692307692,0.7851307692307687,0.7841999999999997,1.0243211538461536,1.9125115384615383,1.9125115384615383,1.9125115384615383,1.9125115384615383,1.9125115384615383,1.9125115384615383,-0.011376923076923284,-0.012307692307692353,0.2278134615384616,0.0,0.0,0.0,1.1273807692307696,0.8881903846153847,1.1283115384615385,1.1160038461538462,1.1160038461538462,1.1160038461538462,0.6709021916071194,0.5705826360312853,0.6724940047377739,0.2125695405292889,0.2125695405292889,0.2125695405292889,-0.004851913812288314,-0.005248858755687078,0.09715555543358692,0.0,0.0,0.0,0.4807938217525736,0.3787863525066984,0.4811907666959723,0.47594190794028524,0.47594190794028524,0.47594190794028524,0.0,-2.220446049250313e-16,0.0
